,name,SMILES,Status,Experimental value,Class
0,52-68-6,O=P(OC)(OC)C(O)C(Cl)(Cl)Cl,Training,Inactive,0
1,60-51-5,O=C(NC)CSP(OC)(OC)=S,Training,Inactive,0
2,62-73-7,O=P(OC=C(Cl)Cl)(OC)OC,Training,Inactive,0
3,121-75-5,O=C(OCC)CC(C(=O)OCC)SP(OC)(OC)=S,Training,Inactive,0
4,40596-69-8,O=C(OC(C)C)C=C(C=CCC(C)CCCC(OC)(C)C)C,Training,Inactive,0
5,927-67-3,NC(NCCC)=S,Training,Inactive,0
6,96-29-7,ON=C(C)CC,Training,Inactive,0
7,631-64-1,O=C(O)C(Br)Br,Training,Inactive,0
8,103-23-1,O=C(OCC(CC)CCCC)CCCCC(=O)OCC(CC)CCCC,Training,Inactive,0
9,1983-10-4,F[Sn](CCCC)(CCCC)CCCC,Training,Active,1
10,116-06-3,O=C(ON=CC(C)(C)SC)NC,Training,Inactive,0
11,919-86-8,O=P(OC)(OC)SCCSCC,Training,Inactive,0
12,5392-40-5,O=CC=C(C)CCC=C(C)C,Training,Inactive,0
13,97-77-8,C(N(CC)CC)(=S)SSC(N(CC)CC)=S,Training,Active,1
14,94-96-2,OCC(CC)C(O)CCC,Training,Inactive,0
15,126-73-8,O=P(OCCCC)(OCCCC)OCCCC,Training,Inactive,0
16,97-74-5,C(N(C)C)(=S)SC(N(C)C)=S,Training,Active,1
17,115-96-8,O=P(OCCCl)(OCCCl)OCCCl,Training,Inactive,0
18,107-21-1,OCCO,Training,Inactive,0
19,96-12-8,C(C(CBr)Br)Cl,Training,Inactive,0
20,79-44-7,O=C(N(C)C)Cl,Training,Inactive,0
21,2279-76-7,CCC[Sn](CCC)(CCC)Cl,Training,Active,1
22,2540-82-1,O=CN(C(=O)CSP(OC)(OC)=S)C,Training,Inactive,0
23,30560-19-1,O=C(NP(=O)(OC)SC)C,Training,Inactive,0
24,127-18-4,C(=C(Cl)Cl)(Cl)Cl,Training,Inactive,0
25,50-28-2,Oc1ccc2c(c1)CCC3C2CCC4(C)(C(O)CCC34),Training,Active,1
26,53-16-7,O=C2CCC3C4CCc1cc(O)ccc1C4(CCC23(C)),Training,Active,1
27,50-27-1,Oc1ccc2c(c1)CCC3C2CCC4(C)(C(O)C(O)CC34),Training,Active,1
28,979-32-8,O=C(OC2CCC3C4CCc1cc(O)ccc1C4(CCC23(C)))CCCC,Training,Active,1
29,50-50-0,O=C(Oc1ccc2c(c1)CCC3C2CCC4(C)(C(O)CCC34))c5ccccc5,Training,Active,1
30,63042-18-2,O=C(Oc1ccc2c(c1)CCC3C2CCC4(C)(C(OC(=O)CCC)CCC34))c5ccccc5,Training,Inactive,0
31,1474-53-9,OC2CC3C4CCc1cc(OC)ccc1C4(CCC3(C)(C2(O))),Training,Active,1
32,1624-62-0,O=C2CCC3C4CCc1cc(OC)ccc1C4(CCC23(C)),Training,Active,1
33,72-33-3,C#CC3(O)(CCC2C4CCc1cc(OC)ccc1C4(CCC23(C))),Training,Active,1
34,41164-36-7,O=C(O)COc1ccc2c(c1)CCC3C2CCC4(C)(C(O)CCC34),Training,Active,1
35,7698-93-3,O=C(O)CCC(=O)OC2CCC3C4CCc1cc(O)ccc1C4(CCC23(C)),Training,Active,1
36,4956-37-0,O=C(OC2CCC3C4CCc1cc(O)ccc1C4(CCC23(C)))CCCCCC,Training,Active,1
37,152-43-2,C#CC4(O)(CCC3C5CCc2cc(OC1CCCC1)ccc2C5(CCC34(C))),Training,Active,1
38,901-93-9,O=C(Oc1ccc2c(c1)CCC3C2CCC4(C(=O)CCC34)(C))C,Training,Active,1
39,3758-34-7,O=C(OC2CCC3C4CCc1cc(O)ccc1C4(CCC23(C)))CC,Training,Active,1
40,18650-87-8,OC3CC4C5CCc2cc(OCc1ccccc1)ccc2C5(CCC4(C)(C3(O))),Training,Active,1
41,805-26-5,O=C(OC2CC3C4CCc1cc(O)ccc1C4(CCC3(C)(C2(OC(=O)C))))C,Training,Active,1
42,2284-32-4,O=C(Oc1ccc2c(c1)CCC3C2CCC4(C)(C(OC(=O)C)C(OC(=O)C)CC34))C,Training,Active,1
43,566-75-6,O=C2CC3C4CCc1cc(O)ccc1C4(CCC3(C)(C2(O))),Training,Active,1
44,362-05-0,Oc1cc2c(cc1(O))C3CCC4(C)(C(O)CCC4(C3(CC2))),Training,Active,1
45,5976-61-4,Oc1ccc2c(c1(O))CCC3C2CCC4(C)(C(O)CCC34),Training,Active,1
46,362-07-2,Oc1cc2c(cc1(OC))C3CCC4(C)(C(O)CCC4(C3(CC2))),Training,Active,1
47,1232-80-0,Oc1cc2c(cc1(O))C3CCC4(C)(C(O)C(O)CC4(C3(CC2))),Training,Active,1
48,53-45-2,O=C2CCC3C4CCc1ccccc1C4(CCC23(C)),Training,Active,1
49,3131-23-5,O=C2CCC3C4CCc1c(O)c(O)ccc1C4(CCC23(C)),Training,Active,1
50,362-08-3,O=C2CCC3C4CCc1cc(O)c(OC)cc1C4(CCC23(C)),Training,Active,1
51,1229-24-9,Oc1ccc2c(c1)C(O)CC3C2CCC4(C)(C(O)CCC34),Training,Active,1
52,571-92-6,O=C2c1cc(O)ccc1C3CCC4(C)(C(O)CCC4(C3(C2))),Training,Active,1
53,2208-12-0,O=C2CCC3C4C=Cc1cc(O)ccc1C4(CCC23(C)),Training,Active,1
54,35048-47-6,O=C(O)CON=C2c1cc(O)ccc1C3CCC4(C)(C(O)CCC4(C3(C2))),Training,Active,1
55,474-86-2,O=C3CCC4C2=CCc1cc(O)ccc1C2CCC34(C),Training,Active,1
56,68-23-5,O=C1CC3=C(CC1)C4CCC2(C)(C(CCC2(O)(C#C))C4(CC3)),Training,Active,1
57,68-22-4,O=C4C=C3CCC2C(CCC1(C)(C2(CCC1(O)(C#C))))C3CC4,Training,Active,1
58,63-05-8,O=C3C=C2CCC1C4CCC(=O)C4(C)(CCC1C2(C)CC3),Training,Inactive,0
59,797-63-7,O=C4C=C3CCC2C(CCC1(CC)(C2(CCC1(O)(C#C))))C3CC4,Training,Active,1
60,315-37-7,O=C(OC2CCC3C4CCC1=CC(=O)CCC1(C)C4(CCC23(C)))CCCCCC,Training,Inactive,0
61,53-41-8,O=C2CCC3C4CCC1CC(O)CCC1(C)C4(CCC23(C)),Training,Inactive,0
62,1224-92-6,OC4CCC2(C)(C(CCC1C3CCCC3(C)(CCC12))C4),Training,Active,1
63,57-83-0,O=C4C=C3CCC1C(CCC2(C)(C(C(=O)C)CCC12))C3(C)CC4,Training,Inactive,0
64,50-22-6,O=C3C=C2CCC1C4CCC(C(=O)CO)C4(C)(CC(O)C1C2(C)CC3),Training,Inactive,0
65,53-43-0,O=C2CCC3C4CC=C1CC(O)CCC1(C)C4(CCC23(C)),Training,Active,1
66,3604-87-3,O=C3C=C1C(CCC2(C)(C(CCC12(O))C(C)C(O)CCC(O)(C)C))C4(C)(CC(O)C(O)CC34),Training,Inactive,0
67,71-58-9,O=C(OC3(C(=O)C)(CCC2C4CC(C1=CC(=O)CCC1(C)C4(CCC23(C)))C))C,Training,Inactive,0
68,84371-65-3,O=C5C=C4C(=C3C(c1ccc(cc1)N(C)C)CC2(C)(C(CCC2(O)(C#CC))C3CC4))CC5,Training,Active,1
69,50-23-7,O=C3C=C2CCC1C4CCC(O)(C(=O)CO)C4(C)(CC(O)C1C2(C)CC3),Training,Inactive,0
70,434-22-0,O=C4C=C3CCC1C(CCC2(C)(C(O)CCC12))C3CC4,Training,Active,1
71,751-94-0,O=C(O)C(=C1C(OC(=O)C)CC3(C)(C1CC(O)C2C4(C)(CCC(O)C(C)C4(CCC23(C)))))CCC=C(C)C,Training,Inactive,0
72,58534-72-8,O=C(O)CCC(=O)Oc1ccc2c(c1)CCC3C2CCC4(C(=O)CCC34)(C),Training,Active,1
73,50-02-2,O=C1C=CC3(C(=C1)CCC2C4CC(C)C(O)(C(=O)CO)C4(C)(CC(O)C23(F)))(C),Training,Inactive,0
74,434-07-1,O=C1C(=CO)CC4(C)(C(C1)CCC3C4(CCC2(C)(C3(CCC2(O)(C))))),Training,Active,1
75,81-23-2,O=C(O)CCC(C)C3CCC2C4C(=O)CC1CC(=O)CCC1(C)C4(CC(=O)C23(C)),Training,Inactive,0
76,1424-00-6,O=C1CC(C)C3(C)(C(C1)CCC2C4CCC(O)C4(C)(CCC23)),Training,Active,1
77,846-46-8,O=C1CCC3(C)(C(C1)CCC2C4CCC(=O)C4(C)(CCC23)),Training,Inactive,0
78,566-65-4,O=C1CCC3(C)(C(C1)CCC2C4CCC(C(=O)C)C4(C)(CCC23)),Training,Inactive,0
79,1553-56-6,O=C(O)CCC(C)C2CCC3C4CCC1CC(=O)CCC1(C)C4(CCC23(C)),Training,Inactive,0
80,2089-06-7,O=C1CCC2(C)(C3C(=O)CC4(C)(C(C(=O)C)CCC4(C3(CCC2(C1))))),Training,Inactive,0
81,50-03-3,O=C(OCC(=O)C3(O)(CCC2C4CCC1=CC(=O)CCC1(C)C4(C(O)CC23(C))))C,Training,Inactive,0
82,52-01-7,O=C1OC3(CC1)(CCC2C5C(CCC23(C))C4(C(=CC(=O)CC4)CC5SC(=O)C)(C)),Training,Inactive,0
83,57-85-2,O=C(OC2CCC3C4CCC1=CC(=O)CCC1(C)C4(CCC23(C)))CC,Training,Inactive,0
84,68-96-2,O=C4C=C3CCC2C(CCC1(C)(C2(CCC1(O)(C(=O)C))))C3(C)CC4,Training,Inactive,0
85,302-23-8,O=C(OC3(C(=O)C)(CCC2C4CCC1=CC(=O)CCC1(C)C4(CCC23(C))))C,Training,Inactive,0
86,630-56-8,O=C(OC3(C(=O)C)(CCC2C4CCC1=CC(=O)CCC1(C)C4(CCC23(C))))CCCCC,Training,Inactive,0
87,50-04-4,O=C(OCC(=O)C3(O)(CCC2C4CCC1=CC(=O)CCC1(C)C4(C(=O)CC23(C))))C,Training,Inactive,0
88,1045-69-8,O=C(OC2CCC3C4CCC1=CC(=O)CCC1(C)C4(CCC23(C)))C,Training,Inactive,0
89,13609-67-1,O=C(OC3(C(=O)CO)(CCC2C4CCC1=CC(=O)CCC1(C)C4(C(O)CC23(C))))CCC,Training,Inactive,0
90,641-77-0,O=C3C=C2CCC1C4CCC(O)(C(=O)C)C4(C)(CC(O)C1C2(C)CC3),Training,Inactive,0
91,62-99-7,O=C4C=C3C(O)CC1C(CCC2(C)(C(O)CCC12))C3(C)CC4,Training,Inactive,0
92,382-44-5,O=C3C=C2CCC1C4CCC(=O)C4(C)(CC(O)C1C2(C)CC3),Training,Inactive,0
93,152-58-9,O=C4C=C3CCC2C(CCC1(C)(C2(CCC1(O)(C(=O)CO))))C3(C)CC4,Training,Inactive,0
94,510-64-5,O=C3C=C2CCC1C4CCC(=O)C4(C)(CCC1C2(CO)CC3),Training,Inactive,0
95,56-47-3,O=C(OCC(=O)C2CCC3C4CCC1=CC(=O)CCC1(C)C4(CCC23(C)))C,Training,Inactive,0
96,127-31-1,O=C3C=C2CCC1C4CCC(O)(C(=O)CO)C4(C)(CC(O)C1(F)C2(C)CC3),Training,Inactive,0
97,57524-89-7,O=C(OC3(C(=O)CO)(CCC2C4CCC1=CC(=O)CCC1(C)C4(C(O)CC23(C))))CCCC,Training,Inactive,0
98,3093-35-4,O=C4C=C3CCC2C5CC1OC(OC1(C(=O)CCl)C5(C)(CC(O)C2(F)C3(C)CC4))(C)C,Training,Inactive,0
99,601-57-0,O=C4C=C3CCC1C(CCC2(C)(C(CCC12)C(C)CCCC(C)C))C3(C)CC4,Training,Inactive,0
100,80-75-1,O=C3C=C2CCC1C4CCC(C(=O)C)C4(C)(CC(O)C1C2(C)CC3),Training,Inactive,0
101,382-45-6,O=C4C=C3CCC1C(C(=O)CC2(C(=O)CCC12)(C))C3(C)CC4,Training,Inactive,0
102,516-15-4,O=C4C=C3CCC1C(C(=O)CC2(C)(C(C(=O)C)CCC12))C3(C)CC4,Training,Inactive,0
103,145-14-2,O=C4C=C3CCC1C(CCC2(C)(C(CCC12)C(O)C))C3(C)CC4,Training,Inactive,0
104,10215-74-4,O=C(O)CCC(=O)OCC(=O)C2CCC3C4CCC1=CC(=O)CCC1(C)C4(CCC23(C)),Training,Inactive,0
105,1097-51-4,O=C5C=C4CCC3C(CCC2(C)(C3(CC1OC12(C(=O)C))))C4(C)CC5,Training,Inactive,0
106,4319-56-6,O=C4C=C3CCC1C(CCC2(C)(C(C(=O)COC(O)C(O)C(O)C(=O)CCO)CCC12))C3(C)CC4,Training,Inactive,0
107,100775-23-3,O=C3C=C2CCC1C4CCC(C(=O)COS(=O)(=O)O)C4(C)(CC(O)C1C2(C)CC3),Training,Inactive,0
108,6678-14-4,O=C(OC3(O)(CCC2C4CCC1=CC(=O)CCC1(C)C4(C(O)CC23(C))))CCCCCCC,Training,Inactive,0
109,2203-97-6,O=C(O)CCC(=O)OCC(=O)C3(O)(CCC2C4CCC1=CC(=O)CCC1(C)C4(C(O)CC23(C))),Training,Inactive,0
110,2668-66-8,O=C3C=C2C(C)CC1C4CCC(O)(C(=O)C)C4(C)(CC(O)C1C2(C)CC3),Training,Inactive,0
111,1662-06-2,O=C4C=C3CCC2C(CCC1(C)(C2(CCC1(O)(C(O)C))))C3(C)CC4,Training,Inactive,0
112,1180-25-2,O=C(O)C5OC(OC2CCC3C4CCC1=CC(=O)CCC1(C)C4(CCC23(C)))C(O)C(O)C5(O),Training,Inactive,0
113,108-95-2,Oc1ccccc1,Training,Inactive,0
114,123-07-9,Oc1ccc(cc1)CC,Training,Inactive,0
115,645-56-7,Oc1ccc(cc1)CCC,Training,Inactive,0
116,1638-22-8,Oc1ccc(cc1)CCCC,Training,Active,1
117,2446-69-7,Oc1ccc(cc1)CCCCCC,Training,Active,1
118,1987-50-4,Oc1ccc(cc1)CCCCCCC,Training,Active,1
119,501-24-6,Oc1cccc(c1)CCCCCCCCCCCCCCC,Training,Inactive,0
120,99-89-8,Oc1ccc(cc1)C(C)C,Training,Active,1
121,99-71-8,Oc1ccc(cc1)C(C)CC,Training,Active,1
122,80-46-6,Oc1ccc(cc1)C(C)(C)CC,Training,Active,1
123,104-40-5,Oc1ccc(cc1)CCCCCCCCC,Training,Active,1
124,140-66-9,Oc1ccc(cc1)C(C)(C)CC(C)(C)C,Training,Active,1
125,1518-83-8,Oc1ccc(cc1)C2CCCC2,Training,Active,1
126,29799-07-3,Oc1ccc(cc1)C34(CC2CC(CC(C2)C3)C4),Training,Active,1
127,402-45-9,FC(F)(F)c1ccc(O)cc1,Training,Active,1
128,41492-05-1,c1cc(ccc1CCCC)Br,Training,Inactive,0
129,95-73-8,c1cc(c(cc1Cl)Cl)C,Training,Inactive,0
130,5216-25-1,c1cc(ccc1C(Cl)(Cl)Cl)Cl,Training,Inactive,0
131,50-84-0,O=C(O)c1ccc(cc1Cl)Cl,Training,Inactive,0
132,5798-75-4,O=C(OCC)c1ccc(cc1)Br,Training,Inactive,0
133,29114-66-7,O=C(c1ccc(F)cc1)CCCC,Training,Inactive,0
134,6575-05-9,N#Cc1c(cc(cc1Cl)Cl)Cl,Training,Inactive,0
135,22248-79-9,O=P(OC(=CCl)c1cc(c(cc1Cl)Cl)Cl)(OC)OC,Training,Inactive,0
136,41198-08-7,O=P(Oc1ccc(cc1Cl)Br)(OCC)SCCC,Training,Inactive,0
137,118-60-5,O=C(OCC(CC)CCCC)c1ccccc1(O),Training,Inactive,0
138,65405-77-8,O=C(OCCC=CCC)c1ccccc1(O),Training,Inactive,0
139,56424-77-2,O=C(OCC)c1ccccc1(OCC(=O)OCC),Training,Inactive,0
140,93-76-5,O=C(O)COc1cc(c(cc1Cl)Cl)Cl,Training,Inactive,0
141,25013-16-5,Oc1ccc(OC)cc1C(C)(C)C,Training,Inactive,0
142,95-76-1,Nc1ccc(c(c1)Cl)Cl,Training,Inactive,0
143,88-85-7,O=[N+]([O-])c1cc(c(O)c(c1)C(C)CC)[N+](=O)[O-],Training,Inactive,0
144,330-54-1,O=C(Nc1ccc(c(c1)Cl)Cl)C(C)C,Training,Inactive,0
145,1689-83-4,N#Cc1cc(c(O)c(c1)I)I,Training,Inactive,0
146,94-82-6,O=C(O)CCCOc1ccc(cc1Cl)Cl,Training,Inactive,0
147,89-72-5,Oc1ccccc1C(C)CC,Training,Inactive,0
148,90-00-6,Oc1ccccc1CC,Training,Inactive,0
149,620-17-7,Oc1cccc(c1)CC,Training,Inactive,0
150,106-44-5,Oc1ccc(cc1)C,Training,Inactive,0
151,88-18-6,Oc1ccccc1C(C)(C)C,Training,Inactive,0
152,96-76-4,Oc1ccc(cc1C(C)(C)C)C(C)(C)C,Training,Active,1
153,499-75-2,Oc1cc(ccc1C)C(C)C,Training,Inactive,0
154,1138-52-9,Oc1cc(cc(c1)C(C)(C)C)C(C)(C)C,Training,Inactive,0
155,1879-09-0,Oc1c(cc(cc1C(C)(C)C)C)C,Training,Inactive,0
156,4130-42-1,Oc1c(cc(cc1C(C)(C)C)CC)C(C)(C)C,Training,Inactive,0
157,99-96-7,O=C(O)c1ccc(O)cc1,Training,Inactive,0
158,94-26-8,O=C(OCCCC)c1ccc(O)cc1,Training,Active,1
159,1083-27-8,O=C(OCCCCCC)c1ccc(O)cc1,Training,Active,1
160,2664-60-0,O=C(OCCCCCCCCCCCC)c1ccc(O)cc1,Training,Active,1
161,5153-25-3,O=C(OCC(CC)CCCC)c1ccc(O)cc1,Training,Active,1
162,94-13-3,O=C(OCCC)c1ccc(O)cc1,Training,Active,1
163,6521-29-5,O=C(OCCCCC)c1ccc(O)cc1,Training,Active,1
164,94-18-8,O=C(OCc1ccccc1)c2ccc(O)cc2,Training,Active,1
165,4191-73-5,O=C(OC(C)C)c1ccc(O)cc1,Training,Active,1
166,123-31-9,Oc1ccc(O)cc1,Training,Inactive,0
167,622-62-8,Oc1ccc(OCC)cc1,Training,Inactive,0
168,18979-50-5,Oc1ccc(OCCC)cc1,Training,Inactive,0
169,18979-53-8,Oc1ccc(OCCCCC)cc1,Training,Active,1
170,24305-56-4,Oc1ccc(c(O)c1)CCCCCCCCCCCC,Training,Active,1
171,98-29-3,Oc1ccc(cc1(O))C(C)(C)C,Training,Active,1
172,500-66-3,Oc1cc(O)cc(c1)CCCCC,Training,Inactive,0
173,2138-20-7,Oc1ccc(c(O)c1)C2CCCCC2,Training,Active,1
174,63177-57-1,O=C(OC)C=Cc1cc(O)ccc1(O),Training,Active,1
175,1034-01-1,O=C(OCCCCCCCC)c1cc(O)c(O)c(O)c1,Training,Active,1
176,1138-60-9,O=C(OC(C)C)c1cc(O)c(O)c(O)c1,Training,Active,1
177,84375-71-3,O=C(OCCCCCC)c1ccc(O)c(OC)c1,Training,Inactive,0
178,3337-59-5,O=C(OC)c1cc(c(O)c(c1)Cl)Cl,Training,Inactive,0
179,10210-17-0,Oc1ccc(cc1)CCCO,Training,Active,1
180,3144-54-5,O=C(c1ccc(O)cc1(O))CCCCC,Training,Active,1
181,70-70-2,O=C(c1ccc(O)cc1)CC,Training,Inactive,0
182,7400-08-0,O=C(O)C=Cc1ccc(O)cc1,Training,Inactive,0
183,14392-69-9,O=C(c1ccc(O)cc1)CCCCCCCC,Training,Active,1
184,5597-50-2,O=C(OC)CCc1ccc(O)cc1,Training,Inactive,0
185,59-50-7,Oc1ccc(c(c1)C)Cl,Training,Inactive,0
186,1570-64-5,Oc1ccc(cc1C)Cl,Training,Inactive,0
187,6640-27-3,Oc1ccc(cc1Cl)C,Training,Inactive,0
188,88-04-0,Oc1cc(c(c(c1)C)Cl)C,Training,Inactive,0
189,1124-04-5,Oc1cc(c(cc1Cl)C)C,Training,Inactive,0
190,576-55-6,Oc1c(c(c(c(c1Br)Br)Br)Br)C,Training,Inactive,0
191,80866-89-3,O=C1NC(=O)C(C(=O)N1)(c2ccc(O)cc2)CC,Training,Inactive,0
192,14199-15-6,O=C(OC)Cc1ccc(O)cc1,Training,Active,1
193,501-97-3,O=C(O)CCc1ccc(O)cc1,Training,Inactive,0
194,5471-51-2,O=C(C)CCc1ccc(O)cc1,Training,Inactive,0
195,56718-71-9,Oc1ccc(cc1)CCOC,Training,Inactive,0
196,108-90-7,c1ccc(cc1)Cl,Training,Inactive,0
197,541-73-1,c1cc(cc(c1)Cl)Cl,Training,Inactive,0
198,120-82-1,c1cc(c(cc1Cl)Cl)Cl,Training,Inactive,0
199,108-70-3,c1c(cc(cc1Cl)Cl)Cl,Training,Inactive,0
200,634-66-2,c1cc(c(c(c1Cl)Cl)Cl)Cl,Training,Active,1
201,634-90-2,c1c(cc(c(c1Cl)Cl)Cl)Cl,Training,Inactive,0
202,608-93-5,c1c(c(c(c(c1Cl)Cl)Cl)Cl)Cl,Training,Inactive,0
203,583-53-9,c1ccc(c(c1)Br)Br,Training,Inactive,0
204,108-36-1,c1cc(cc(c1)Br)Br,Training,Inactive,0
205,106-37-6,c1cc(ccc1Br)Br,Training,Inactive,0
206,615-54-3,c1cc(c(cc1Br)Br)Br,Training,Inactive,0
207,626-39-1,c1c(cc(cc1Br)Br)Br,Training,Inactive,0
208,94-99-5,c1cc(c(cc1Cl)Cl)CCl,Training,Inactive,0
209,320-60-5,FC(F)(F)c1ccc(cc1Cl)Cl,Training,Inactive,0
210,434-64-0,Fc1c(F)c(F)c(c(F)c1(F))C(F)(F)F,Training,Inactive,0
211,120-83-2,Oc1ccc(cc1Cl)Cl,Training,Inactive,0
212,583-78-8,Oc1cc(ccc1Cl)Cl,Training,Inactive,0
213,87-65-0,Oc1c(cccc1Cl)Cl,Training,Inactive,0
214,591-35-5,Oc1cc(cc(c1)Cl)Cl,Training,Inactive,0
215,933-78-8,Oc1cc(cc(c1Cl)Cl)Cl,Training,Inactive,0
216,95-95-4,Oc1cc(c(cc1Cl)Cl)Cl,Training,Inactive,0
217,88-06-2,Oc1c(cc(cc1Cl)Cl)Cl,Training,Inactive,0
218,58-90-2,Oc1c(cc(c(c1Cl)Cl)Cl)Cl,Training,Inactive,0
219,87-86-5,Oc1c(c(c(c(c1Cl)Cl)Cl)Cl)Cl,Training,Inactive,0
220,95-56-7,Oc1ccccc1Br,Training,Inactive,0
221,591-20-8,Oc1cccc(c1)Br,Training,Inactive,0
222,615-58-7,Oc1ccc(cc1Br)Br,Training,Inactive,0
223,118-79-6,Oc1c(cc(cc1Br)Br)Br,Training,Inactive,0
224,15499-27-1,c1cc(ccc1CCCC)Cl,Training,Inactive,0
225,76287-49-5,c1cc(ccc1CCCCCCC)Br,Training,Inactive,0
226,84-66-2,O=C(OCC)c1ccccc1(C(=O)OCC),Training,Inactive,0
227,131-18-0,O=C(OCCCCC)c1ccccc1(C(=O)OCCCCC),Training,Active,1
228,84-75-3,O=C(OCCCCCC)c1ccccc1(C(=O)OCCCCCC),Training,Active,1
229,3648-21-3,O=C(OCCCCCCC)c1ccccc1(C(=O)OCCCCCCC),Training,Active,1
230,2432-90-8,O=C(OCCCCCCCCCCCC)c1ccccc1(C(=O)OCCCCCCCCCCCC),Training,Inactive,0
231,84-69-5,O=C(OCC(C)C)c1ccccc1(C(=O)OCC(C)C),Training,Active,1
232,131-17-9,O=C(OCC=C)c1ccccc1(C(=O)OCC=C),Training,Inactive,0
233,28553-12-0,O=C(OCCCCCCC(C)C)c1ccccc1(C(=O)OCCCCCCC(C)C),Training,Active,1
234,117-81-7,O=C(OCC(CC)CCCC)c1ccccc1(C(=O)OCC(CC)CCCC),Training,Active,1
235,84-61-7,O=C(OC1CCCCC1)c3ccccc3(C(=O)OC2CCCCC2),Training,Active,1
236,84-62-8,O=C(Oc1ccccc1)c3ccccc3(C(=O)Oc2ccccc2),Training,Inactive,0
237,523-31-9,O=C(OCc1ccccc1)c3ccccc3(C(=O)OCc2ccccc2),Training,Active,1
238,117-83-9,O=C(OCCOCCCC)c1ccccc1(C(=O)OCCOCCCC),Training,Inactive,0
239,4376-18-5,O=C(O)c1ccccc1(C(=O)OC),Training,Inactive,0
240,4376-20-9,O=C(O)c1ccccc1(C(=O)OCC(CC)CCCC),Training,Active,1
241,85-68-7,O=C(OCc1ccccc1)c2ccccc2(C(=O)OCCCC),Training,Active,1
242,85-70-1,O=C(OCC(=O)OCCCC)c1ccccc1(C(=O)OCCCC),Training,Inactive,0
243,3319-31-1,O=C(OCC(CC)CCCC)c1ccc(C(=O)OCC(CC)CCCC)c(c1)C(=O)OCC(CC)CCCC,Training,Inactive,0
244,1528-49-0,O=C(OCCCCCC)c1ccc(C(=O)OCCCCCC)c(c1)C(=O)OCCCCCC,Training,Inactive,0
245,53894-23-8,O=C(OCCCCCCC(C)C)c1ccc(C(=O)OCCCCCCC(C)C)c(c1)C(=O)OCCCCCCC(C)C,Training,Inactive,0
246,1459-93-4,O=C(OC)c1cccc(c1)C(=O)OC,Training,Inactive,0
247,744-45-6,O=C(Oc1ccccc1)c2cccc(c2)C(=O)Oc3ccccc3,Training,Inactive,0
248,636-09-9,O=C(OCC)c1ccc(cc1)C(=O)OCC,Training,Inactive,0
249,1026-92-2,O=C(OCC=C)c1ccc(cc1)C(=O)OCC=C,Training,Inactive,0
250,6422-86-2,O=C(OCC(CC)CCCC)c1ccc(cc1)C(=O)OCC(CC)CCCC,Training,Inactive,0
251,1539-04-4,O=C(Oc1ccccc1)c2ccc(cc2)C(=O)Oc3ccccc3,Training,Inactive,0
252,104-51-8,c1ccc(cc1)CCCC,Training,Inactive,0
253,104-13-2,Nc1ccc(cc1)CCCC,Training,Inactive,0
254,33228-44-3,Nc1ccc(cc1)CCCCC,Training,Inactive,0
255,33228-45-4,Nc1ccc(cc1)CCCCCC,Training,Inactive,0
256,769-92-6,Nc1ccc(cc1)C(C)(C)C,Training,Inactive,0
257,21643-38-9,O=C(O)c1ccc(cc1)CCCCCC,Training,Inactive,0
258,38350-87-7,O=C(O)c1ccc(cc1)CCCCCCC,Training,Inactive,0
259,98-95-3,O=[N+]([O-])c1ccccc1,Training,Inactive,0
260,99-99-0,O=[N+]([O-])c1ccc(cc1)C,Training,Inactive,0
261,121-14-2,O=[N+]([O-])c1ccc(c(c1)[N+](=O)[O-])C,Training,Inactive,0
262,51-05-8,O=C(OCCN(CC)CC)c1ccc(N)cc1,Training,Inactive,0
263,21245-02-3,O=C(OCC(CC)CCCC)c1ccc(cc1)N(C)C,Training,Inactive,0
264,13311-84-7,O=C(Nc1ccc(c(c1)C(F)(F)F)[N+](=O)[O-])C(C)C,Training,Inactive,0
265,330-55-2,O=C(Nc1ccc(c(c1)Cl)Cl)N(OC)C,Training,Inactive,0
266,94-75-7,O=C(O)COc1ccc(cc1Cl)Cl,Training,Inactive,0
267,15972-60-8,O=C(N(c1c(cccc1CC)CC)COC)CCl,Training,Inactive,0
268,5300-03-8,O=C(O)C=C(C=CC=C(C=CC1=C(C)CCCC1(C)C)C)C,Training,Inactive,0
269,528-29-0,O=[N+]([O-])c1ccccc1[N+](=O)[O-],Training,Inactive,0
270,119-36-8,O=C(OC)c1ccccc1(O),Training,Inactive,0
271,527-54-8,Oc1cc(c(c(c1)C)C)C,Training,Inactive,0
272,67845-93-6,O=C(OCCCCCCCCCCCCCCCC)c1cc(c(O)c(c1)C(C)(C)C)C(C)(C)C,Training,Inactive,0
273,87-82-1,c1(c(c(c(c(c1Br)Br)Br)Br)Br)Br,Training,Inactive,0
274,608-71-9,Oc1c(c(c(c(c1Br)Br)Br)Br)Br,Training,Inactive,0
275,29082-74-4,c1(c(c(c(c(c1Cl)Cl)Cl)Cl)Cl)C(=C(Cl)Cl)Cl,Training,Inactive,0
276,117-82-8,O=C(OCCOC)c1ccccc1(C(=O)OCCOC),Training,Inactive,0
277,18144-43-9,O=C(OC(C)C)c1ccc(N)cc1,Training,Inactive,0
278,451-46-7,O=C(OCC)c1ccc(F)cc1,Training,Inactive,0
279,99-77-4,O=C(OCC)c1ccc(cc1)[N+](=O)[O-],Training,Inactive,0
280,16245-79-7,Nc1ccc(cc1)CCCCCCCC,Training,Inactive,0
281,2033-89-8,Oc1ccc(OC)c(OC)c1,Training,Inactive,0
282,13608-87-2,O=C(c1ccc(c(c1Cl)Cl)Cl)C,Training,Inactive,0
283,94-25-7,O=C(OCCCC)c1ccc(N)cc1,Training,Active,1
284,94-12-2,O=C(OCCC)c1ccc(N)cc1,Training,Inactive,0
285,455-24-3,O=C(O)c1ccc(cc1)C(F)(F)F,Training,Inactive,0
286,455-19-6,O=Cc1ccc(cc1)C(F)(F)F,Training,Inactive,0
287,349-58-6,FC(F)(F)c1cc(O)cc(c1)C(F)(F)F,Training,Inactive,0
288,120-48-9,O=C(OCCCC)c1ccc(cc1)[N+](=O)[O-],Training,Inactive,0
289,828-27-3,FC(F)(F)Oc1ccc(O)cc1,Training,Active,1
290,13036-02-7,O=C(OC)c1cc(O)cc(c1)C(=O)OC,Training,Inactive,0
291,N.A.,O=C(OCCC(C)C)c1ccc(cc1)N(C)C,Training,Inactive,0
292,4342-36-3,O=C(O[Sn](CCCC)(CCCC)CCCC)c1ccccc1,Training,Active,1
293,537-98-4,O=C(O)C=Cc1ccc(O)c(OC)c1,Training,Inactive,0
294,23950-58-5,O=C(NC(C#C)(C)C)c1cc(cc(c1)Cl)Cl,Training,Inactive,0
295,123-30-8,Oc1ccc(N)cc1,Training,Active,1
296,299-84-3,O(c1cc(c(cc1Cl)Cl)Cl)P(OC)(OC)=S,Training,Active,1
297,120-36-5,O=C(O)C(Oc1ccc(cc1Cl)Cl)C,Training,Inactive,0
298,95-80-7,Nc1ccc(c(N)c1)C,Training,Inactive,0
299,100-44-7,c1ccc(cc1)CCl,Training,Inactive,0
300,114-26-1,O=C(Oc1ccccc1(OC(C)C))NC,Training,Inactive,0
301,1746-81-2,O=C(Nc1ccc(cc1)Cl)N(OC)C,Training,Inactive,0
302,93-65-2,O=C(O)C(Oc1ccc(cc1C)Cl)C,Training,Inactive,0
303,94-74-6,O=C(O)COc1ccc(cc1C)Cl,Training,Inactive,0
304,95-53-4,Nc1ccccc1C,Training,Inactive,0
305,134-62-3,O=C(c1cccc(c1)C)N(CC)CC,Training,Inactive,0
306,150-68-5,O=C(Nc1ccc(cc1)Cl)N(C)C,Training,Inactive,0
307,299-86-5,O=P(Oc1ccc(cc1Cl)C(C)(C)C)(OC)NC,Training,Inactive,0
308,87-66-1,Oc1cccc(O)c1(O),Training,Active,1
309,95-55-6,Oc1ccccc1(N),Training,Inactive,0
310,120-80-9,Oc1ccccc1(O),Training,Inactive,0
311,591-27-5,Oc1cccc(N)c1,Training,Inactive,0
312,2104-96-3,O(c1cc(c(cc1Cl)Br)Cl)P(OC)(OC)=S,Training,Active,1
313,26087-47-8,O=P(OC(C)C)(OC(C)C)SCc1ccccc1,Training,Inactive,0
314,100-00-5,O=[N+]([O-])c1ccc(cc1)Cl,Training,Inactive,0
315,100-63-0,NNc1ccccc1,Training,Inactive,0
316,122-14-5,O=[N+]([O-])c1ccc(OP(OC)(OC)=S)cc1C,Training,Inactive,0
317,140-56-7,O=S(=O)(O)N=Nc1ccc(cc1)N(C)C,Training,Inactive,0
318,17138-28-2,O=C(OCC)Cc1ccc(O)cc1,Training,Inactive,0
319,370-14-9,Oc1ccc(cc1)CC(NC)C,Training,Inactive,0
320,1844-00-4,Oc1ccc(cc1)C(c2ccc(O)cc2)C(C)C,Training,Active,1
321,2051-60-7,c1ccc(cc1)c2ccccc2Cl,Training,Inactive,0
322,2051-61-8,c1ccc(cc1)c2cccc(c2)Cl,Training,Inactive,0
323,92-86-4,c1cc(ccc1c2ccc(cc2)Br)Br,Training,Inactive,0
324,398-23-2,Fc1ccc(cc1)c2ccc(F)cc2,Training,Inactive,0
325,3001-15-8,c1cc(ccc1c2ccc(cc2)I)I,Training,Active,1
326,92-69-3,Oc1ccc(cc1)c2ccccc2,Training,Active,1
327,90-43-7,Oc1ccccc1c2ccccc2,Training,Inactive,0
328,92-88-6,Oc1ccc(cc1)c2ccc(O)cc2,Training,Active,1
329,1806-29-7,Oc1ccccc1c2ccccc2(O),Training,Inactive,0
330,491-45-2,Oc1cc(O)c(c(O)c1)c2cc(O)cc(O)c2,Training,Inactive,0
331,28034-99-3,Oc1ccc(cc1)c2ccc(cc2)Cl,Training,Active,1
332,29558-77-8,Oc1ccc(cc1)c2ccc(cc2)Br,Training,Active,1
333,16881-71-3,Oc1ccc(cc1)c2ccc(OC)cc2,Training,Active,1
334,58574-03-1,O=C(O)c1ccc(cc1)c2ccc(O)cc2,Training,Active,1
335,92-92-2,O=C(O)c1ccc(cc1)c2ccccc2,Training,Inactive,0
336,101-81-5,c1ccc(cc1)Cc2ccccc2,Training,Inactive,0
337,101-53-1,Oc1ccc(cc1)Cc2ccccc2,Training,Active,1
338,620-92-8,Oc1ccc(cc1)Cc2ccc(O)cc2,Training,Active,1
339,2081-08-5,Oc1ccc(cc1)C(c2ccc(O)cc2)C,Training,Active,1
340,599-64-4,Oc1ccc(cc1)C(c2ccccc2)(C)C,Training,Active,1
341,77-40-7,Oc1ccc(cc1)C(c2ccc(O)cc2)(C)CC,Training,Active,1
342,6807-17-6,Oc1ccc(cc1)C(c2ccc(O)cc2)(C)CC(C)C,Training,Active,1
343,1571-75-1,Oc1ccc(cc1)C(c2ccccc2)(c3ccc(O)cc3)C,Training,Active,1
344,81-92-5,Oc1ccc(cc1)C(c2ccc(O)cc2)c3ccccc3CO,Training,Active,1
345,1478-61-1,FC(F)(F)C(c1ccc(O)cc1)(c2ccc(O)cc2)C(F)(F)F,Training,Active,1
346,1943-97-1,Oc1ccc(cc1)C5(c2ccc(O)cc2)(CC3CC5(C4CCCC34)),Training,Active,1
347,603-45-2,O=C1C=CC(C=C1)=C(c2ccc(O)cc2)c3ccc(O)cc3,Training,Active,1
348,143-74-8,O=S4(=O)(OC(c1ccc(O)cc1)(c2ccc(O)cc2)c3ccccc34),Training,Inactive,0
349,126-00-1,O=C(O)CCC(c1ccc(O)cc1)(c2ccc(O)cc2)C,Training,Active,1
350,13595-25-0,Oc1ccc(cc1)C(c2cccc(c2)C(c3ccc(O)cc3)(C)C)(C)C,Training,Active,1
351,2167-51-3,Oc1ccc(cc1)C(c2ccc(cc2)C(c3ccc(O)cc3)(C)C)(C)C,Training,Active,1
352,37693-01-9,Oc1ccc(cc1Cc2ccc(cc2Cl)Cl)C(C)(C)CC(C)(C)C,Training,Active,1
353,80-09-1,O=S(=O)(c1ccc(O)cc1)c2ccc(O)cc2,Training,Active,1
354,2784-27-2,O=C1NC(=O)C(N1)C(c2ccccc2)c3ccc(O)cc3,Training,Inactive,0
355,62625-31-4,O=S4(=O)(OC(c1ccc(O)cc1C)(c2ccc(O)cc2C)c3ccccc34),Training,Active,1
356,1844-01-5,Oc1ccc(cc1)C(c2ccccc2)(c3ccccc3)c4ccc(O)cc4,Training,Active,1
357,5384-21-4,Oc1c(cc(cc1C)Cc2cc(c(O)c(c2)C)C)C,Training,Active,1
358,5613-46-7,Oc1c(cc(cc1C)C(c2cc(c(O)c(c2)C)C)(C)C)C,Training,Active,1
359,79-94-7,Oc1c(cc(cc1Br)C(c2cc(c(O)c(c2)Br)Br)(C)C)Br,Training,Inactive,0
360,79-97-0,Oc1ccc(cc1C)C(c2ccc(O)c(c2)C)(C)C,Training,Active,1
361,1745-89-7,Oc1ccc(cc1(C=C))C(c2ccc(O)c(C=C)c2)(C)C,Training,Active,1
362,1843-03-4,Oc1cc(c(cc1C(C)(C)C)C(c2cc(c(O)cc2C)C(C)(C)C)CC(c3cc(c(O)cc3C)C(C)(C)C)C)C,Training,Active,1
363,72-54-8,c1cc(ccc1C(c2ccc(cc2)Cl)C(Cl)Cl)Cl,Training,Inactive,0
364,72-55-9,c1cc(ccc1C(c2ccc(cc2)Cl)=C(Cl)Cl)Cl,Training,Inactive,0
365,53-19-0,c1ccc(c(c1)C(c2ccc(cc2)Cl)C(Cl)Cl)Cl,Training,Active,1
366,3424-82-6,c1ccc(c(c1)C(c2ccc(cc2)Cl)=C(Cl)Cl)Cl,Training,Active,1
367,115-32-2,OC(c1ccc(cc1)Cl)(c2ccc(cc2)Cl)C(Cl)(Cl)Cl,Training,Active,1
368,80-06-8,OC(c1ccc(cc1)Cl)(c2ccc(cc2)Cl)C,Training,Inactive,0
369,2642-82-2,OCC(c1ccc(cc1)Cl)c2ccc(cc2)Cl,Training,Inactive,0
370,90-97-1,OC(c1ccc(cc1)Cl)c2ccc(cc2)Cl,Training,Inactive,0
371,2172-51-2,N#CCC(c1ccc(cc1)Cl)(c2ccc(cc2)Cl)c3ccc(cc3)Cl,Training,Inactive,0
372,3010-80-8,OC(c1ccc(cc1)Cl)(c2ccc(cc2)Cl)c3ccc(cc3)Cl,Training,Inactive,0
373,2990-17-2,c1cc(ccc1C(c2ccc(cc2)Br)C(Cl)(Cl)Cl)Br,Training,Inactive,0
374,27064-94-4,Fc1ccc(cc1)C(c2ccc(F)cc2)Cl,Training,Inactive,0
375,119-56-2,OC(c1ccccc1)c2ccc(cc2)Cl,Training,Inactive,0
376,22856-62-8,Nc1ccc(c(c1)C)CCc2ccc(N)cc2C,Training,Active,1
377,103-29-7,c1ccc(cc1)CCc2ccccc2,Training,Inactive,0
378,84-16-2,Oc1ccc(cc1)C(CC)C(c2ccc(O)cc2)CC,Training,Active,1
379,84-17-3,Oc1ccc(cc1)C(=CC)C(=CC)c2ccc(O)cc2,Training,Active,1
380,1226-42-2,O=C(C(=O)c1ccc(OC)cc1)c2ccc(OC)cc2,Training,Inactive,0
381,120-44-5,O=C(c1ccc(OC)cc1)Cc2ccc(OC)cc2,Training,Inactive,0
382,35578-47-3,O=C(c1ccc(cc1)Br)C(=O)c2ccc(cc2)Br,Training,Inactive,0
383,40101-17-5,O=C(C(=O)c1cccc(OC)c1)c2cccc(OC)c2,Training,Inactive,0
384,3669-41-8,O=C(c1ccc(O)cc1(O))Cc2ccccc2,Training,Active,1
385,2491-32-9,O=C(c1ccc(O)cc1)Cc2ccccc2,Training,Active,1
386,4825-53-0,O=C(Oc1ccc(cc1)C(CC)C(c2ccc(OC(=O)CC)cc2)CC)CC,Training,Active,1
387,103-30-0,c1ccc(cc1)C=Cc2ccccc2,Training,Inactive,0
388,56-53-1,Oc1ccc(cc1)C(=C(c2ccc(O)cc2)CC)CC,Training,Active,1
389,10540-29-1,O(c1ccc(cc1)C(c2ccccc2)=C(c3ccccc3)CC)CCN(C)C,Training,Active,1
390,836-44-2,Oc1ccc(cc1)C=Cc2ccc(N)cc2,Training,Active,1
391,10083-24-6,Oc2cc(O)cc(C=Cc1ccc(O)c(O)c1)c2,Training,Active,1
392,54760-75-7,Nc1ccc(cc1)C=Cc2ccc(N)cc2,Training,Inactive,0
393,501-36-0,Oc1ccc(cc1)C=Cc2cc(O)cc(O)c2,Training,Active,1
394,569-57-3,O(c1ccc(cc1)C(c2ccc(OC)cc2)=C(c3ccc(OC)cc3)Cl)C,Training,Active,1
395,58-72-0,c1ccc(cc1)C=C(c2ccccc2)c3ccccc3,Training,Active,1
396,119-61-9,O=C(c1ccccc1)c2ccccc2,Training,Inactive,0
397,1137-42-4,O=C(c1ccccc1)c2ccc(O)cc2,Training,Active,1
398,13020-57-0,O=C(c1ccccc1)c2cccc(O)c2,Training,Active,1
399,611-99-4,O=C(c1ccc(O)cc1)c2ccc(O)cc2,Training,Active,1
400,835-11-0,O=C(c1ccccc1(O))c2ccccc2(O),Training,Inactive,0
401,31127-54-5,O=C(c1ccc(O)cc1)c2ccc(O)c(O)c2(O),Training,Active,1
402,131-55-5,O=C(c1ccc(O)cc1(O))c2ccc(O)cc2(O),Training,Active,1
403,42019-78-3,O=C(c1ccc(O)cc1)c2ccc(cc2)Cl,Training,Active,1
404,25913-05-7,O=C(c1ccc(F)cc1)c2ccc(O)cc2,Training,Active,1
405,1143-72-2,O=C(c1ccccc1)c2ccc(O)c(O)c2(O),Training,Active,1
406,3988-03-2,O=C(c1ccc(cc1)Br)c2ccc(cc2)Br,Training,Active,1
407,831-82-3,Oc2ccc(Oc1ccccc1)cc2,Training,Active,1
408,103-16-2,Oc2ccc(OCc1ccccc1)cc2,Training,Active,1
409,7005-72-3,O(c1ccccc1)c2ccc(cc2)Cl,Training,Inactive,0
410,2050-47-7,O(c1ccc(cc1)Br)c2ccc(cc2)Br,Training,Inactive,0
411,26002-80-2,O=C(OCc2cccc(Oc1ccccc1)c2)C3C(C=C(C)C)C3(C)(C),Training,Inactive,0
412,52645-53-1,O=C(OCc2cccc(Oc1ccccc1)c2)C3C(C=C(Cl)Cl)C3(C)(C),Training,Inactive,0
413,1836-75-5,O=[N+]([O-])c2ccc(Oc1ccc(cc1Cl)Cl)cc2,Training,Inactive,0
414,79127-80-3,O=C(OCC)NCCOc2ccc(Oc1ccccc1)cc2,Training,Inactive,0
415,17355-11-2,O=C(O)C(NC(=O)C(N)Cc1ccc(O)cc1)Cc2ccccc2,Training,Inactive,0
416,579-56-6,Oc1ccc(cc1)C(O)C(NC(C)COc2ccccc2)C,Training,Inactive,0
417,1689-82-3,Oc2ccc(N=Nc1ccccc1)cc2,Training,Active,1
418,37677-93-3,Oc1ccc(cc1)C25(CC4CC(C2)CC(c3ccc(O)cc3)(C4)C5),Training,Active,1
419,15797-52-1,Oc1ccc(cc1)c2cc(cc(c2)c3ccc(O)cc3)c4ccc(O)cc4,Training,Active,1
420,500-38-9,Oc1ccc(cc1(O))CC(C)C(C)Cc2ccc(O)c(O)c2,Training,Active,1
421,23239-51-2,Oc1ccc(cc1)CCNC(C)C(O)c2ccc(O)cc2,Training,Inactive,0
422,60-82-2,O=C(c1c(O)cc(O)cc1(O))CCc2ccc(O)cc2,Training,Active,1
423,77-08-7,Oc1cc4c(cc1(O))C3(c2cc(O)c(O)cc2C(C)(C)C3)(CC4(C)C),Training,Active,1
424,1050-28-8,O=C(O)C(NC(=O)C(N)Cc1ccc(O)cc1)Cc2ccc(O)cc2,Training,Inactive,0
425,2664-63-3,Oc1ccc(cc1)Sc2ccc(O)cc2,Training,Active,1
426,102-06-7,N=C(Nc1ccccc1)Nc2ccccc2,Training,Inactive,0
427,78-30-8,O=P(Oc1ccccc1C)(Oc2ccccc2C)Oc3ccccc3C,Training,Active,1
428,74-31-7,c1ccc(cc1)Nc2ccc(cc2)Nc3ccccc3,Training,Active,1
429,65277-42-1,O=C(N5CCN(c4ccc(OCC1OC(OC1)(c2ccc(cc2Cl)Cl)Cn3cncc3)cc4)CC5)C,Training,Inactive,0
430,61432-55-1,O=C(N1CCCCC1)SC(c2ccccc2)(C)C,Training,Inactive,0
431,122-39-4,c1ccc(cc1)Nc2ccccc2,Training,Inactive,0
432,2104-64-5,O=[N+]([O-])c2ccc(OP(OCC)(c1ccccc1)=S)cc2,Training,Inactive,0
433,21609-90-5,O(c1cc(c(cc1Cl)Br)Cl)P(OC)(c2ccccc2)=S,Training,Active,1
434,33089-61-1,N(=CN(C=Nc1ccc(cc1C)C)C)c2ccc(cc2C)C,Training,Inactive,0
435,142172-97-2,Oc1cnc(nc1)c2ccc(O)cc2,Training,Inactive,0
436,2051-85-6,Oc2ccc(N=Nc1ccccc1)c(O)c2,Training,Active,1
437,3294-03-9,Oc1ccc(cc1Sc2cc(ccc2(O))C(C)(C)CC(C)(C)C)C(C)(C)CC(C)(C)C,Training,Active,1
438,3483-82-7,O=C(OCC)C(NC(=O)c1ccccc1)Cc2ccc(O)cc2,Training,Inactive,0
439,49745-95-1,Oc1ccc(cc1)CCC(NCCc2ccc(O)c(O)c2)C,Training,Active,1
440,74-39-5,O=[N+]([O-])c2ccc(N=Nc1ccc(O)cc1(O))cc2,Training,Inactive,0
441,51-24-1,O=C(O)Cc2cc(c(Oc1ccc(O)c(c1)I)c(c2)I)I,Training,Active,1
442,6893-02-3,O=C(O)C(N)Cc2cc(c(Oc1ccc(O)c(c1)I)c(c2)I)I,Training,Inactive,0
443,5817-39-0,O=C(O)C(N)Cc2ccc(Oc1cc(c(O)c(c1)I)I)c(c2)I,Training,Inactive,0
444,50-41-9,O(c1ccc(cc1)C(c2ccccc2)=C(c3ccccc3)Cl)CCN(CC)CC,Training,Active,1
445,35367-38-5,O=C(NC(=O)c1c(F)cccc1(F))Nc2ccc(cc2)Cl,Training,Inactive,0
446,76-87-9,O[Sn](c1ccccc1)(c2ccccc2)c3ccccc3,Training,Active,1
447,728-87-0,OC(c1ccc(OC)cc1)c2ccc(OC)cc2,Training,Inactive,0
448,101-77-9,Nc1ccc(cc1)Cc2ccc(N)cc2,Training,Inactive,0
449,22494-42-4,O=C(O)c1cc(ccc1(O))c2ccc(F)cc2(F),Training,Inactive,0
450,92-66-0,c1ccc(cc1)c2ccc(cc2)Br,Training,Inactive,0
451,1144-74-7,O=C(c1ccccc1)c2ccc(cc2)[N+](=O)[O-],Training,Inactive,0
452,118-55-8,O=C(Oc1ccccc1)c2ccccc2(O),Training,Inactive,0
453,1620-21-9,c1ccc(cc1)C(c2ccc(cc2)Cl)N3CCN(C)CC3,Training,Inactive,0
454,980-71-2,n1ccccc1C(c2ccc(cc2)Br)CCN(C)C,Training,Inactive,0
455,434-90-2,Fc1c(F)c(F)c(c(F)c1(F))c2c(F)c(F)c(F)c(F)c2(F),Training,Inactive,0
456,3218-36-8,O=Cc1ccc(cc1)c2ccccc2,Training,Inactive,0
457,134-85-0,O=C(c1ccccc1)c2ccc(cc2)Cl,Training,Inactive,0
458,90-90-4,O=C(c1ccccc1)c2ccc(cc2)Br,Training,Inactive,0
459,92-91-1,O=C(c1ccc(cc1)c2ccccc2)C,Training,Inactive,0
460,131-53-3,O=C(c1ccccc1(O))c2ccc(OC)cc2(O),Training,Inactive,0
461,3739-38-6,O=C(O)c2cccc(Oc1ccccc1)c2,Training,Inactive,0
462,85-29-0,O=C(c1ccc(cc1)Cl)c2ccccc2Cl,Training,Inactive,0
463,611-95-0,O=C(O)c1ccc(cc1)C(=O)c2ccccc2,Training,Inactive,0
464,303-26-4,c1ccc(cc1)C(c2ccc(cc2)Cl)N3CCNCC3,Training,Inactive,0
465,530-44-9,O=C(c1ccccc1)c2ccc(cc2)N(C)C,Training,Inactive,0
466,3457-48-5,O=C(c1ccc(cc1)C)C(=O)c2ccc(cc2)C,Training,Inactive,0
467,6554-98-9,Oc1ccc(cc1)C=Cc2ccccc2,Training,Active,1
468,24758-49-4,O=C(c1ccccc1)c2ccc(cc2)N3CCOCC3,Training,Inactive,0
469,632-51-9,c1ccc(cc1)C(c2ccccc2)=C(c3ccccc3)c4ccccc4,Training,Active,1
470,342-25-6,O=C(c1ccc(F)cc1)c2ccccc2(F),Training,Inactive,0
471,1607-57-4,c1ccc(cc1)C(c2ccccc2)=C(c3ccccc3)Br,Training,Active,1
472,5731-13-5,O=C(O)c1ccc(cc1)c2ccc(cc2)CC,Training,Inactive,0
473,457-68-1,Fc1ccc(cc1)Cc2ccc(F)cc2,Training,Inactive,0
474,17078-27-2,O=C(c1ccc(cc1)N(C)C)C(=O)c2ccc(cc2)N(C)C,Training,Inactive,0
475,833-81-8,c1ccc(cc1)C=C(c2ccccc2)C,Training,Inactive,0
476,787-70-2,O=C(O)c1ccc(cc1)c2ccc(cc2)C(=O)O,Training,Inactive,0
477,N.A.,c1ccc(cc1)C=Cc2ccc(cc2)CCl,Training,Inactive,0
478,40200-69-9,O=Cc1ccc(cc1)C=Cc2ccccc2,Training,Inactive,0
479,1868-00-4,O=C(c1cccc(c1)C(F)(F)F)c2cccc(c2)C(F)(F)F,Training,Inactive,0
480,85118-07-6,O=C(c1ccccc1)c2ccc(F)c(F)c2,Training,Inactive,0
481,345-70-0,O=C(c1cccc(F)c1)c2cccc(F)c2,Training,Inactive,0
482,49757-42-8,O(c1ccc(cc1)C(c2ccc(OC)cc2)(c3ccc(OC)cc3)Cl)C,Training,Active,1
483,1171-47-7,O=C(O)c1ccc(cc1)C(c2ccc(cc2)C(=O)O)(C(F)(F)F)C(F)(F)F,Training,Active,1
484,1095-77-8,FC(F)(F)C(c1ccc(cc1)C)(c2ccc(cc2)C)C(F)(F)F,Training,Active,1
485,611-98-3,O=C(c1ccc(N)cc1)c2ccc(N)cc2,Training,Inactive,0
486,19471-12-6,Nc1cccc(c1)Cc2cccc(N)c2,Training,Inactive,0
487,579-39-5,O=C(C(=O)c1ccc(F)cc1)c2ccc(F)cc2,Training,Inactive,0
488,39634-42-9,FC(F)(F)c2ccc(Oc1ccc(O)cc1)cc2,Training,Active,1
489,106246-33-7,Nc1c(cc(c(c1CC)Cl)Cc2cc(c(N)c(c2Cl)CC)CC)CC,Training,Active,1
490,108464-88-6,O=C(c1ccc(F)cc1)c2cccc(c2)C(=O)c3ccc(F)cc3,Training,Inactive,0
491,3016-97-5,O=C(c1ccccc1)c2ccc(cc2)C(=O)c3ccccc3,Training,Inactive,0
492,2687-27-6,Nc1ccc(cc1)C(c2cccc(c2)C(c3ccc(N)cc3)(C)C)(C)C,Training,Active,1
493,49562-28-9,O=C(c1ccc(OC(C(=O)OC(C)C)(C)C)cc1)c2ccc(cc2)Cl,Training,Inactive,0
494,1889-71-0,O=C(c1ccc(cc1)Cl)Cc2ccccc2,Training,Inactive,0
495,54589-41-2,O=C(c1ccccc1)c3ccc(OCc2ccccc2)cc3,Training,Inactive,0
496,25650-13-9,O=C(C=CC(=O)c1ccc(F)cc1)c2ccc(F)cc2,Training,Active,1
497,42187-33-7,O=C(c1cccc(c1)[N+](=O)[O-])c2ccc(c(c2)C)C,Training,Inactive,0
498,143130-82-9,O=C(OC)c2ccc(C=Cc1ccc(cc1)C(=O)OC)cc2,Training,Inactive,0
499,101-61-1,c1cc(ccc1N(C)C)Cc2ccc(cc2)N(C)C,Training,Inactive,0
500,3539-42-2,O=C(O)COc1ccc(cc1)C(c2ccc(OCC(=O)O)cc2)(C)C,Training,Inactive,0
501,1675-54-3,O(c1ccc(cc1)C(c3ccc(OCC2OC2)cc3)(C)C)CC4OC4,Training,Inactive,0
502,596-27-0,O=C3OC(c1ccc(O)c(c1)C)(c2ccc(O)c(c2)C)c4ccccc34,Training,Active,1
503,519-73-3,c1ccc(cc1)C(c2ccccc2)c3ccccc3,Training,Active,1
504,40615-36-9,O(c1ccc(cc1)C(c2ccccc2)(c3ccc(OC)cc3)Cl)C,Training,Inactive,0
505,466-37-5,O=C(c1ccccc1)C(c2ccccc2)(c3ccccc3)c4ccccc4,Training,Active,1
506,900-91-4,O=C(O)CC(c1ccccc1)(c2ccccc2)c3ccccc3,Training,Inactive,0
507,51-26-3,O=C(O)CCc2cc(c(Oc1ccc(O)c(c1)I)c(c2)I)I,Training,Active,1
508,1596-67-4,O=C(O)C(N)Cc2ccc(Oc1ccc(O)cc1)cc2,Training,Inactive,0
509,10567-73-4,O=C(O)C(N)Cc2ccc(Oc1ccc(cc1[N+](=O)[O-])[N+](=O)[O-])cc2,Training,Inactive,0
510,486-66-8,O=C1C(=COc2cc(O)ccc12)c3ccc(O)cc3,Training,Active,1
511,15485-76-4,O=C(OCC)C=2Oc3cc(O)cc(O)c3(C(=O)C=2(c1ccc(OC)cc1)),Training,Active,1
512,1157-39-7,O=C1C(=COc2cc(OC)ccc12)c3ccc(OC)cc3,Training,Inactive,0
513,485-63-2,O=C1C(=COc2cc(O)ccc12)c3ccc(O)c(O)c3,Training,Active,1
514,520-18-3,O=C1C(O)=C(Oc2cc(O)cc(O)c12)c3ccc(O)cc3,Training,Active,1
515,480-41-1,O=C2c3c(O)cc(O)cc3(OC(c1ccc(O)cc1)C2),Training,Active,1
516,491-70-3,O=C2c3c(O)cc(O)cc3(OC(c1ccc(O)c(O)c1)C2),Training,Active,1
517,520-36-5,O=C1C=C(Oc2cc(O)cc(O)c12)c3ccc(O)cc3,Training,Active,1
518,4250-77-5,O=C2c3cc(O)ccc3(OC(c1ccccc1)C2),Training,Active,1
519,56-55-3,c3ccc4cc2c(ccc1ccccc12)cc4(c3),Training,Active,1
520,50-32-8,c1ccc2c(c1)cc3ccc4cccc5ccc2c3c45,Training,Inactive,0
521,192-97-2,c1ccc2c(c1)c5cccc4ccc3cccc2c3c45,Training,Inactive,0
522,57-24-9,O=C2N6c1ccccc1C57(CCN4CC3=CCOC(C2)C(C3CC45)C67),Training,Inactive,0
523,135-19-3,Oc1ccc2ccccc2(c1),Training,Active,1
524,15231-91-1,Oc1ccc2cc(ccc2(c1))Br,Training,Active,1
525,63-25-2,O=C(Oc1cccc2ccccc12)NC,Training,Inactive,0
526,90-15-3,Oc1cccc2ccccc12,Training,Inactive,0
527,1125-78-6,Oc1ccc2c(c1)CCCC2,Training,Active,1
528,530-91-6,OC2Cc1ccccc1CC2,Training,Inactive,0
529,145-50-6,O=C1C=CC(c2ccccc12)=C(c3ccccc3)c5ccc(O)c4ccccc45,Training,Active,1
530,6949-73-1,O=C2c1ccccc1c3ccc(O)cc23,Training,Active,1
531,1096-84-0,Oc2ccc1ccccc1c2Cc4c(O)ccc3ccccc34,Training,Active,1
532,52222-87-4,O=C(c1ccccc1)c2ccc3cc(O)ccc3(c2),Training,Active,1
533,490-46-0,Oc3cc(O)c2c(OC(c1ccc(O)c(O)c1)C(O)C2)c3,Training,Active,1
534,41175-50-2,Oc1ccc3c2c1CCCN2CCC3,Training,Inactive,0
535,533-31-3,Oc1ccc2OCOc2(c1),Training,Inactive,0
536,6088-51-3,Oc1ccc2cc(ccc2(c1))SSc3ccc4cc(O)ccc4(c3),Training,Active,1
537,607-66-9,O=C1C=C(c2ccccc2(N1))C,Training,Inactive,0
538,1847-63-8,O(c4ccc5C(c2ccc(OCCN1CCCC1)cc2)=C(c3ccccc3)CCc5(c4))C,Training,Active,1
539,77-73-6,C2=CC3C1C=CC(C1)C3(C2),Training,Inactive,0
540,303-45-7,O=Cc1c(O)c(O)c(c2cc(c(c(O)c12)c3c(O)c4c(C=O)c(O)c(O)c(c4(cc3C))C(C)C)C)C(C)C,Training,Inactive,0
541,480-40-0,O=C1C=C(Oc2cc(O)cc(O)c12)c3ccccc3,Training,Inactive,0
542,517-28-2,Oc4ccc2c(OCC3(O)(Cc1cc(O)c(O)cc1C23))c4(O),Training,Active,1
543,577-85-5,O=C1C(O)=C(Oc2ccccc12)c3ccccc3,Training,Inactive,0
544,475-25-2,O=C1C=C3C(C=C1(O))=C2c4ccc(O)c(O)c4(OCC2(O)C3),Training,Active,1
545,604-59-1,O=C3C=C(Oc1c3(ccc2ccccc12))c4ccccc4,Training,Inactive,0
546,641-38-3,O=C2Oc1cc(O)cc(c1c3cc(O)cc(O)c23)C,Training,Active,1
547,487-26-3,O=C2c3ccccc3(OC(c1ccccc1)C2),Training,Inactive,0
548,491-78-1,O=C1C=C(Oc2cccc(O)c12)c3ccccc3,Training,Inactive,0
549,6051-87-2,O=C2C=C(Oc3ccc1ccccc1c23)c4ccccc4,Training,Inactive,0
550,528-48-3,O=C1C(O)=C(Oc2cc(O)ccc12)c3ccc(O)c(O)c3,Training,Active,1
551,480-44-4,O=C1C=C(Oc2cc(O)cc(O)c12)c3ccc(OC)cc3,Training,Inactive,0
552,38183-03-8,O=C1C=C(Oc2c(O)c(O)ccc12)c3ccccc3,Training,Active,1
553,7061-81-6,c1cc(cc3c1c2c(cc(cc2Cl)Cl)C3)Cl,Training,Inactive,0
554,6297-11-6,O=C2c1cc(ccc1c3ccc(cc23)Cl)Cl,Training,Inactive,0
555,575-03-1,O=C2Oc1cc(O)ccc1C(=C2)C(F)(F)F,Training,Active,1
556,6665-83-4,O=C1C=C(Oc2ccc(O)cc12)c3ccccc3,Training,Active,1
557,10420-73-2,O=C1C=C(Oc2ccc(cc12)Cl)c3ccccc3,Training,Inactive,0
558,29976-75-8,O=C1C=C(Oc2ccc(cc12)C)c3ccccc3,Training,Inactive,0
559,26964-24-9,O=C1C=C(Oc2ccc(OC)cc12)c3ccccc3,Training,Inactive,0
560,22395-22-8,O=C1C=C(Oc2cc(OC)ccc12)c3ccccc3,Training,Inactive,0
561,491-67-8,O=C1C=C(Oc2cc(O)c(O)c(O)c12)c3ccccc3,Training,Active,1
562,3440-24-2,O=C1C=C(Oc2c(O)c(O)ccc12)c3ccc(O)c(O)c3,Training,Active,1
563,22395-24-0,O=C1C=C(Oc2cc(OC)ccc12)c3ccc(OC)c(OC)c3,Training,Inactive,0
564,34334-69-5,O=C1C=C(Oc2cc(OC)c(OC)c(O)c12)c3ccc(O)c(O)c3,Training,Active,1
565,4143-62-8,O=C1C=C(Oc2ccccc12)c3ccc(OC)c(OC)c3,Training,Inactive,0
566,4143-64-0,O=C1C=C(Oc2ccccc12)c3ccc(O)c(O)c3,Training,Active,1
567,437-64-9,O=C1C=C(Oc2cc(OC)cc(O)c12)c3ccc(O)cc3,Training,Active,1
568,62507-01-1,O=C1C(OC)=C(Oc2cc(O)cc(O)c12)c4ccc(OC)c(OCc3ccccc3)c4,Training,Active,1
569,73694-15-2,O=C(C=Cc1ccc(OC)cc1(OC))c2c(O)cc(OC)c(OC)c2(OC),Training,Inactive,0
570,855-96-9,O=C1C=C(Oc2cc(OC)c(OC)c(O)c12)c3ccc(OC)c(O)c3,Training,Inactive,0
571,855-97-0,O=C1C=C(Oc2cc(OC)cc(OC)c12)c3ccc(OC)c(OC)c3,Training,Inactive,0
572,218-01-9,c1ccc2c(c1)ccc3c4ccccc4(ccc23),Training,Inactive,0
573,238-84-6,c1ccc3c(c1)ccc4c2ccccc2Cc34,Training,Inactive,0
574,66-76-2,O=C1Oc4ccccc4(C(O)=C1CC=2C(=O)Oc3ccccc3(C=2(O))),Training,Inactive,0
575,90-33-5,O=C2Oc1cc(O)ccc1C(=C2)C,Training,Inactive,0
576,485-72-3,O=C1c3ccc(O)cc3(OC=C1c2ccc(OC)cc2),Training,Active,1
577,596-01-0,O=C1OC(c2ccccc12)(c4ccc(O)c3ccccc34)c6ccc(O)c5ccccc56,Training,Active,1
578,15499-84-0,Nc1ccc(cc1)C4(c2ccc(N)cc2)(c5ccccc5(c3ccccc34)),Training,Inactive,0
579,17924-92-4,O=C1OC(C)CCCC(=O)CCCC=Cc2cc(O)cc(O)c12,Training,Active,1
580,42422-68-4,O=C1OC(C)CCCC(O)CCCCCc2cc(O)cc(O)c12,Training,Active,1
581,5975-78-0,O=C1OC(C)CCCC(=O)CCCCCc2cc(O)cc(O)c12,Training,Active,1
582,446-72-0,O=C1C(=COc2cc(O)cc(O)c12)c3ccc(O)cc3,Training,Active,1
583,1912-24-9,n1c(nc(nc1NC(C)C)Cl)NCC,Training,Inactive,0
584,59-31-4,O=C1C=Cc2ccccc2(N1),Training,Inactive,0
585,15776-59-7,O=C2Oc1cc(O)ccc1C(=C2CCN(CC)CC)C,Training,Inactive,0
586,6093-71-6,O=C1Oc2cc(O)ccc2(C=C1C(=O)OCC),Training,Inactive,0
587,6468-96-8,O=C1Oc3cc(O)ccc3(C=C1c2ccccc2),Training,Active,1
588,32809-16-8,O=C2N(c1cc(cc(c1)Cl)Cl)C(=O)C3(C)(CC23(C)),Training,Inactive,0
589,36734-19-7,O=C(NC(C)C)N2C(=O)N(c1cc(cc(c1)Cl)Cl)C(=O)C2,Training,Inactive,0
590,50471-44-8,O=C1OC(C=C)(C(=O)N1c2cc(cc(c2)Cl)Cl)C,Training,Inactive,0
591,58-89-9,C1(C(C(C(C(C1Cl)Cl)Cl)Cl)Cl)Cl,Training,Inactive,0
592,2385-85-5,C13(C4(C2(C5(C(C1(C2(Cl)Cl)Cl)(C3(C(C45Cl)(Cl)Cl)Cl)Cl)Cl)Cl)Cl)Cl,Training,Inactive,0
593,143-50-0,O=C1C2(C3(C4(C1(C5(C2(C3(C(C45Cl)(Cl)Cl)Cl)Cl)Cl)Cl)Cl)Cl)Cl,Training,Active,1
594,52-86-8,O=C(c1ccc(F)cc1)CCCN3CCC(O)(c2ccc(cc2)Cl)CC3,Training,Inactive,0
595,60207-90-1,n1cnn(c1)CC2(OCC(O2)CCC)c3ccc(cc3Cl)Cl,Training,Inactive,0
596,50-55-5,O=C(OC3CC4CN2CCc1c5ccc(OC)cc5([nH]c1C2CC4(C(C(=O)OC)C3(OC))))c6cc(OC)c(OC)c(OC)c6,Training,Inactive,0
597,60168-88-9,OC(c1cncnc1)(c2ccc(cc2)Cl)c3ccccc3Cl,Training,Active,1
598,61-82-5,n1cnc(N)[nH]1,Training,Inactive,0
599,50-06-6,O=C2NC(=O)C(c1ccccc1)(C(=O)N2)CC,Training,Inactive,0
600,115-29-7,O=S1OCC2C(CO1)C3(C(=C(C2(C3(Cl)Cl)Cl)Cl)Cl)Cl,Training,Active,1
601,122931-48-0,O=C(Nc1nc(OC)cc(n1)OC)NS(=O)(=O)c2ncccc2S(=O)(=O)CC,Training,Inactive,0
602,114369-43-6,N#CC(c1ccccc1)(Cn2ncnc2)CCc3ccc(cc3)Cl,Training,Inactive,0
603,17804-35-2,O=C(OC)Nc2nc1ccccc1n2(C(=O)NCCCC),Training,Inactive,0
604,16069-36-6,O1CCOC3CCCCC3(OCCOCCOC2CCCCC2(OCC1)),Training,Inactive,0
605,2212-67-1,O=C(N1CCCCCC1)SCC,Training,Inactive,0
606,96-45-7,N1C(NCC1)=S,Training,Inactive,0
607,612-96-4,n1c3ccccc3(ccc1c2ccccc2),Training,Inactive,0
608,14548-48-2,O=C(c1ccncc1)c2ccc(cc2)Cl,Training,Inactive,0
609,1022-46-4,O=C1OC(=Nc2ccccc12)c3ccccc3,Training,Inactive,0
610,19315-93-6,O=C1C=Cc2cc(O)ccc2(N1),Training,Inactive,0
611,58851-99-3,O=C1Oc4cc(O)ccc4(C=C1c3nc2ccccc2s3),Training,Active,1
612,97477-81-1,N#CC=1c4ccc(O)cc4(OC(=O)C=1c2nc3cc(ccc3(o2))Cl),Training,Active,1
613,58-08-2,O=C2c1c(ncn1C)N(C(=O)N2C)C,Training,Inactive,0
614,1563-66-2,O=C(Oc2cccc1c2(OC(C)(C)C1))NC,Training,Inactive,0
615,10605-21-7,O=C(OC)Nc1nc2ccccc2([nH]1),Training,Inactive,0
616,66246-88-6,n1cnn(c1)CC(c2ccc(cc2Cl)Cl)CCC,Training,Inactive,0
617,107534-96-3,OC(Cn1ncnc1)(CCc2ccc(cc2)Cl)C(C)(C)C,Training,Inactive,0
618,74115-24-5,n1nc(nnc1c2ccccc2Cl)c3ccccc3Cl,Training,Inactive,0
619,54-11-5,n1cccc(c1)C2N(C)CCC2,Training,Inactive,0
620,64-86-8,O=C1C=C3C(=CC=C1(OC))c2c(OC)c(OC)c(OC)cc2CCC3(NC(=O)C),Training,Inactive,0
621,133-06-2,O=C1N(C(=O)C2CC=CCC12)SC(Cl)(Cl)Cl,Training,Active,1
622,133-07-3,O=C1c2ccccc2(C(=O)N1SC(Cl)(Cl)Cl),Training,Active,1
623,81-81-2,O=C1Oc3ccccc3(C(O)=C1C(c2ccccc2)CC(=O)C),Training,Inactive,0
624,105-60-2,O=C1NCCCCC1,Training,Inactive,0
625,24602-86-6,O1C(C)CN(CCCCCCCCCCCCC)CC1C,Training,Inactive,0
626,95-33-0,n2c1ccccc1sc2SNC3CCCCC3,Training,Active,1
627,120-78-5,n2c1ccccc1sc2SSc4nc3ccccc3s4,Training,Active,1
628,149-30-4,n2c1ccccc1sc2S,Training,Active,1
629,834-12-8,n1c(nc(nc1NC(C)C)SC)NCC,Training,Inactive,0
630,4418-26-2,O=C1OC(=CC(=O)C1C(=O)C)C,Training,Inactive,0
631,51-55-8,O=C(OC2CC1N(C)C(CC1)C2)C(c3ccccc3)CO,Training,Inactive,0
632,57-47-6,O=C(Oc1ccc2c(c1)C3(C)(CCN(C)C3(N2C)))NC,Training,Inactive,0
633,118-48-9,O=C1OC(=O)c2ccccc2(N1),Training,Inactive,0
634,1014-70-6,n1c(nc(nc1NCC)SC)NCC,Training,Inactive,0
635,10311-84-9,O=C1c2ccccc2(C(=O)N1C(CCl)SP(OCC)(OCC)=S),Training,Active,1
636,21725-46-2,N#CC(Nc1nc(nc(n1)Cl)NCC)(C)C,Training,Inactive,0
637,25057-89-0,O=C1c2ccccc2(NS(=O)(=O)N1C(C)C),Training,Inactive,0
638,83055-99-6,O=C(OC)c1ccccc1CS(=O)(=O)NC(=O)Nc2nc(OC)cc(n2)OC,Training,Inactive,0
639,84087-01-4,O=C(O)c1c2ncc(cc2(ccc1Cl))Cl,Training,Inactive,0
640,77-47-4,C=1(C(=C(C(C=1Cl)(Cl)Cl)Cl)Cl)Cl,Training,Active,1
641,1702-17-6,O=C(O)c1nc(ccc1Cl)Cl,Training,Inactive,0
642,1929-82-4,n1c(cccc1Cl)C(Cl)(Cl)Cl,Training,Inactive,0
643,51235-04-2,O=C1N=C(N(C(=O)N1C2CCCCC2)C)N(C)C,Training,Inactive,0
644,73250-68-7,O=C(N(c1ccccc1)C)COc3nc2ccccc2s3,Training,Inactive,0
645,58-39-9,OCCN1CCN(CC1)CCCN4c2ccccc2Sc3ccc(cc34)Cl,Training,Inactive,0
646,70458-96-7,O=C(O)C1=CN(c2cc(c(F)cc2(C1(=O)))N3CCNCC3)CC,Training,Inactive,0
647,95333-64-5,Oc1ccc(cc1)Cn2ccnc2S,Training,Inactive,0
648,76578-14-8,O=C(OCC)C(Oc3ccc(Oc1nc2ccc(cc2(nc1))Cl)cc3)C,Training,Inactive,0
649,88671-89-0,N#CC(c1ccc(cc1)Cl)(Cn2ncnc2)CCCC,Training,Inactive,0
650,64529-56-2,O=C1C(=NN=C(N1(N))SCC)C(C)(C)C,Training,Inactive,0
651,94361-06-5,OC(c1ccc(cc1)Cl)(Cn2ncnc2)C(C)C3CC3,Training,Inactive,0
652,35554-44-0,n1ccn(c1)CC(OCC=C)c2ccc(cc2Cl)Cl,Training,Inactive,0
653,78473-71-9,O=C2OCC(Cc1cccc(O)c1)C2Cc3cccc(O)c3,Training,Active,1
654,26644-46-2,O=CNC(N1CCN(CC1)C(NC=O)C(Cl)(Cl)Cl)C(Cl)(Cl)Cl,Training,Inactive,0
655,27241-31-2,O=C1C=C(N)NN1c2c(cc(cc2Cl)Cl)Cl,Training,Active,1
656,137-26-8,C(N(C)C)(=S)SSC(N(C)C)=S,Test,Active,1
657,16752-77-5,O=C(ON=C(C)SC)NC,Test,Inactive,0
658,298-02-2,O(CC)P(OCC)(=S)SCSCC,Test,Inactive,0
659,68-12-2,O=CN(C)C,Test,Inactive,0
660,7786-34-7,O=C(OC)C=C(OP(=O)(OC)OC)C,Test,Inactive,0
661,1113-02-6,O=C(NC)CSP(=O)(OC)OC,Test,Inactive,0
662,1461-22-9,CCCC[Sn](CCCC)(CCCC)Cl,Test,Active,1
663,57-63-6,C#CC3(O)(CCC2C4CCc1cc(O)ccc1C4(CCC23(C))),Test,Active,1
664,1743-60-8,O=C(OC2CCC3C4CCc1cc(O)ccc1C4(CCC23(C)))C,Test,Active,1
665,113-38-2,O=C(Oc1ccc2c(c1)CCC3C2CCC4(C)(C(OC(=O)CC)CCC34))CC,Test,Active,1
666,313-06-4,O=C(OC2CCC3C4CCc1cc(O)ccc1C4(CCC23(C)))CCC5CCCC5,Test,Active,1
667,69260-14-6,O=C(O)COc1ccc2c(c1)CCC3C2CCC4(C)(C(O)C(O)CC34),Test,Active,1
668,566-76-7,O=C2C(O)CC3C4CCc1cc(O)ccc1C4(CCC23(C)),Test,Active,1
669,1476-34-2,O=C2c1cc(O)ccc1C3CCC4(C(=O)CCC4(C3(C2)))(C),Test,Active,1
670,571-20-0,OC4CCC2(C)(C(CCC1C3CCC(O)C3(C)(CCC12))C4),Test,Active,1
671,520-85-4,O=C4C=C3C(C)CC2C(CCC1(C)(C2(CCC1(O)(C(=O)C))))C3(C)CC4,Test,Inactive,0
672,1482-70-8,O=C1CCC2(C)(C3C(=O)CC4(C(=O)CCC4(C3(CCC2(C1))))(C)),Test,Inactive,0
673,53-06-5,O=C4C=C3CCC2C(C(=O)CC1(C)(C2(CCC1(O)(C(=O)CO))))C3(C)CC4,Test,Inactive,0
674,64-85-7,O=C4C=C3CCC1C(CCC2(C)(C(C(=C)CO)CCC12))C3(C)CC4,Test,Inactive,0
675,1816-85-9,O=C3C=C2CCC1C4CCC(O)C4(C)(CC(O)C1C2(C)CC3),Test,Inactive,0
676,514-36-3,O=C(OCC(=O)C3(O)(CCC2C4CCC1=CC(=O)CCC1(C)C4(F)(C(O)CC23(C))))C,Test,Inactive,0
677,1524-88-5,O=C4C=C3C(F)CC2C5CC1OC(OC1(C(=O)CO)C5(C)(CC(O)C2C3(C)CC4))(C)C,Test,Inactive,0
678,52910-82-4,O=CC34(CC(O)C2C(CCC1=CC(=O)CCC12(C))C4(CCC3(C(=O)COC(=O)CCC(=O)O))),Test,Inactive,0
679,61630-32-8,O=C(OC=1C(=O)CCC3(C=1CCC2C4CCC(=O)C4(C)(CCC23))(C))C,Test,Inactive,0
680,16355-28-5,O=C4C=C3C(O)CC2C(C(=O)CC1(C)(C2(CCC1(O)(C(=O)CO))))C3(C)CC4,Test,Inactive,0
681,1239-79-8,O=C4C=C3CCC1C(CCC2(C)(C(C(=O)C)C(C)CC12))C3(C)CC4,Test,Inactive,0
682,640-87-9,O=C(OCC(=O)C3(O)(CCC2C4CCC1=CC(=O)CCC1(C)C4(CCC23(C))))C,Test,Inactive,0
683,15262-86-9,O=C(OC2CCC3C4CCC1=CC(=O)CCC1(C)C4(CCC23(C)))CCC(C)C,Test,Inactive,0
684,17230-88-5,C#CC4(O)(CCC3C5CCC2=Cc1oncc1CC2(C)C5(CCC34(C))),Test,Active,1
685,14938-35-3,Oc1ccc(cc1)CCCCC,Test,Active,1
686,104-43-8,Oc1ccc(cc1)CCCCCCCCCCCC,Test,Active,1
687,98-54-4,Oc1ccc(cc1)C(C)(C)C,Test,Active,1
688,1131-60-8,Oc1ccc(cc1)C2CCCCC2,Test,Active,1
689,3972-65-4,c1cc(ccc1C(C)(C)C)Br,Test,Inactive,0
690,51-44-5,O=C(O)c1ccc(c(c1)Cl)Cl,Test,Inactive,0
691,82-68-8,O=[N+]([O-])c1c(c(c(c(c1Cl)Cl)Cl)Cl)Cl,Test,Inactive,0
692,67747-09-5,O=C(n1cncc1)N(CCOc2c(cc(cc2Cl)Cl)Cl)CCC,Test,Inactive,0
693,21087-64-9,O=C1C(=NN=C(N1(N))SC)C(C)(C)C,Test,Inactive,0
694,1689-84-5,N#Cc1cc(c(O)c(c1)Br)Br,Test,Inactive,0
695,585-34-2,Oc1cccc(c1)C(C)(C)C,Test,Inactive,0
696,89-83-8,Oc1cc(ccc1C(C)C)C,Test,Inactive,0
697,732-26-3,Oc1c(cc(cc1C(C)(C)C)C(C)(C)C)C(C)(C)C,Test,Inactive,0
698,6521-30-8,O=C(OCCC(C)C)c1ccc(O)cc1,Test,Active,1
699,3943-89-3,O=C(OCC)c1ccc(O)c(O)c1,Test,Inactive,0
700,2524-37-0,O=C(OCC)c1c(O)cc(O)cc1C,Test,Active,1
701,6259-76-3,O=C(OCCCCCC)c1ccccc1(O),Test,Inactive,0
702,17362-17-3,N#CCCc1ccc(O)cc1,Test,Inactive,0
703,615-74-7,Oc1cc(ccc1Cl)C,Test,Inactive,0
704,106-46-7,c1cc(ccc1Cl)Cl,Test,Inactive,0
705,95-50-1,c1ccc(c(c1)Cl)Cl,Test,Inactive,0
706,95-94-3,c1c(c(cc(c1Cl)Cl)Cl)Cl,Test,Inactive,0
707,636-28-2,c1c(c(cc(c1Br)Br)Br)Br,Test,Inactive,0
708,328-84-7,FC(F)(F)c1ccc(c(c1)Cl)Cl,Test,Inactive,0
709,95-57-8,Oc1ccccc1Cl,Test,Inactive,0
710,15950-66-0,Oc1ccc(c(c1Cl)Cl)Cl,Test,Inactive,0
711,933-75-5,Oc1c(ccc(c1Cl)Cl)Cl,Test,Inactive,0
712,106-41-2,Oc1ccc(cc1)Br,Test,Inactive,0
713,51554-95-1,c1cc(ccc1CCCCC)Br,Test,Inactive,0
714,131-11-3,O=C(OC)c1ccccc1(C(=O)OC),Test,Inactive,0
715,84-77-5,O=C(OCCCCCCCCCC)c1ccccc1(C(=O)OCCCCCCCCCC),Test,Inactive,0
716,27554-26-3,O=C(OCCCCCC(C)C)c1ccccc1(C(=O)OCCCCCC(C)C),Test,Active,1
717,26761-40-0,O=C(OCCCCCCCC(C)C)c1ccccc1(C(=O)OCCCCCCCC(C)C),Test,Active,1
718,131-70-4,O=C(O)c1ccccc1(C(=O)OCCCC),Test,Inactive,0
719,2694-54-4,O=C(OCC=C)c1ccc(C(=O)OCC=C)c(c1)C(=O)OCC=C,Test,Inactive,0
720,120-61-6,O=C(OC)c1ccc(cc1)C(=O)OC,Test,Inactive,0
721,100-41-4,c1ccc(cc1)CC,Test,Inactive,0
722,3575-31-3,O=C(O)c1ccc(cc1)CCCCCCCC,Test,Inactive,0
723,6853-57-2,O=Cc1ccc(cc1)CCCCC,Test,Inactive,0
724,88-72-2,O=[N+]([O-])c1ccccc1C,Test,Inactive,0
725,34256-82-1,O=C(N(c1c(cccc1CC)C)COCC)CCl,Test,Inactive,0
726,2921-88-2,n1c(OP(OCC)(OCC)=S)c(cc(c1Cl)Cl)Cl,Test,Active,1
727,55-38-9,O(c1ccc(c(c1)C)SC)P(OC)(OC)=S,Test,Inactive,0
728,97-02-9,O=[N+]([O-])c1ccc(N)c(c1)[N+](=O)[O-],Test,Inactive,0
729,93-72-1,O=C(O)C(Oc1cc(c(cc1Cl)Cl)Cl)C,Test,Inactive,0
730,23564-05-8,O=C(OC)NC(Nc1ccccc1(NC(NC(=O)OC)=S))=S,Test,Inactive,0
731,108-45-2,Nc1cccc(N)c1,Test,Inactive,0
732,6164-98-3,N(=CN(C)C)c1ccc(cc1C)Cl,Test,Inactive,0
733,21435-27-8,O=C(O)C(NC(=O)C(N)CO)Cc1ccc(O)cc1,Test,Inactive,0
734,92-52-4,c1ccc(cc1)c2ccccc2,Test,Inactive,0
735,2051-62-9,c1ccc(cc1)c2ccc(cc2)Cl,Test,Active,1
736,580-51-8,Oc1cccc(c1)c2ccccc2,Test,Inactive,0
737,19812-93-2,N#Cc1ccc(cc1)c2ccc(O)cc2,Test,Active,1
738,2417-04-1,Oc1c(cc(cc1C)c2cc(c(O)c(c2)C)C)C,Test,Active,1
739,613-37-6,O(c1ccc(cc1)c2ccccc2)C,Test,Inactive,0
740,80-05-7,Oc1ccc(cc1)C(c2ccc(O)cc2)(C)C,Test,Active,1
741,27955-94-8,Oc1ccc(cc1)C(c2ccc(O)cc2)(c3ccc(O)cc3)C,Test,Active,1
742,843-55-0,Oc1ccc(cc1)C3CCC(c2ccc(O)cc2)CC3,Test,Active,1
743,3236-71-3,Oc1ccc(cc1)C4(c2ccc(O)cc2)(c5ccccc5(c3ccccc34)),Test,Active,1
744,72-43-5,O(c1ccc(cc1)C(c2ccc(OC)cc2)C(Cl)(Cl)Cl)C,Test,Active,1
745,2168-06-1,O=C(O)CC(c1ccc(cc1)Cl)(c2ccc(cc2)Cl)c3ccc(cc3)Cl,Test,Inactive,0
746,68047-06-3,Oc1ccc(cc1)C(c2ccc(OCCN(C)C)cc2)=C(c3ccccc3)CC,Test,Active,1
747,130-80-3,O=C(Oc1ccc(cc1)C(=C(c2ccc(OC(=O)CC)cc2)CC)CC)CC,Test,Active,1
748,117-99-7,O=C(c1ccccc1)c2ccccc2(O),Test,Inactive,0
749,131-56-6,O=C(c1ccccc1)c2ccc(O)cc2(O),Test,Active,1
750,1470-79-7,O=C(c1ccc(O)cc1)c2ccc(O)cc2(O),Test,Active,1
751,90-96-0,O=C(c1ccc(OC)cc1)c2ccc(OC)cc2,Test,Inactive,0
752,90-98-2,O=C(c1ccc(cc1)Cl)c2ccc(cc2)Cl,Test,Inactive,0
753,1965-09-9,Oc2ccc(Oc1ccc(O)cc1)cc2,Test,Active,1
754,51-48-9,O=C(O)C(N)Cc2cc(c(Oc1cc(c(O)c(c1)I)I)c(c2)I)I,Test,Inactive,0
755,52315-07-8,N#CC(OC(=O)C1C(C=C(Cl)Cl)C1(C)(C))c3cccc(Oc2ccccc2)c3,Test,Inactive,0
756,119446-68-3,n1cnn(c1)CC2(OCC(O2)C)c4ccc(Oc3ccc(cc3)Cl)cc4Cl,Test,Inactive,0
757,20426-12-4,O=C(C=Cc1ccc(O)cc1)c2ccccc2,Test,Active,1
758,961-29-5,O=C(C=Cc1ccc(O)cc1)c2ccc(O)cc2(O),Test,Active,1
759,80-08-0,O=S(=O)(c1ccc(N)cc1)c2ccc(N)cc2,Test,Inactive,0
760,17606-31-4,O=S(=O)(c1ccccc1)SCC(N(C)C)CSS(=O)(=O)c2ccccc2,Test,Active,1
761,34123-59-6,O=C(Nc1ccc(cc1)C(C)C)N(C)C,Test,Inactive,0
762,2894-87-3,Fc1c(F)c(F)c(c(F)c1(F))c2c(F)c(F)c(O)c(F)c2(F),Test,Active,1
763,101-80-4,O(c1ccc(N)cc1)c2ccc(N)cc2,Test,Inactive,0
764,1016-78-0,O=C(c1ccccc1)c2cccc(c2)Cl,Test,Inactive,0
765,2051-90-3,c1ccc(cc1)C(c2ccccc2)(Cl)Cl,Test,Inactive,0
766,345-83-5,O=C(c1ccccc1)c2ccc(F)cc2,Test,Inactive,0
767,324-74-3,Fc1ccc(cc1)c2ccccc2,Test,Inactive,0
768,611-94-9,O=C(c1ccccc1)c2ccc(OC)cc2,Test,Inactive,0
769,892-20-6,c1ccc(cc1)[SnH](c2ccccc2)c3ccccc3,Test,Active,1
770,2005-08-5,O=C(Oc1ccc(cc1)Cl)c2ccccc2,Test,Inactive,0
771,109936-21-2,OC(c1ccccc1)(c2ccccc2)Cc3ccc(cc3)Cl,Test,Active,1
772,21084-22-0,O=C(c1ccc(cc1)C(F)(F)F)c2cccc(c2)C(F)(F)F,Test,Inactive,0
773,N.A.,FC(F)(F)C(c1ccc(N)cc1)(c2ccc(N)cc2)C(F)(F)F,Test,Active,1
774,5447-02-9,O=Cc3ccc(OCc1ccccc1)c(OCc2ccccc2)c3,Test,Active,1
775,2001-29-8,O=C(c1ccc(cc1)Br)Cc2ccccc2,Test,Inactive,0
776,133005-88-6,O=C(O)c2ccc(C=Cc1ccc(cc1)C(=O)O)cc2,Test,Inactive,0
777,2772-45-4,Oc1ccc(cc1C(c2ccccc2)(C)C)C(c3ccccc3)(C)C,Test,Active,1
778,595-91-5,O=C(O)C(c1ccccc1)(c2ccccc2)c3ccccc3,Test,Inactive,0
779,467-62-9,OC(c1ccc(N)cc1)(c2ccc(N)cc2)c3ccc(N)cc3,Test,Active,1
780,1450-63-1,c1ccc(cc1)C(=CC=C(c2ccccc2)c3ccccc3)c4ccccc4,Test,Active,1
781,491-80-5,O=C1C(=COc2cc(O)cc(O)c12)c3ccc(OC)cc3,Test,Active,1
782,6665-86-7,O=C1C=C(Oc2cc(O)ccc12)c3ccccc3,Test,Inactive,0
783,480-16-0,O=C1C(O)=C(Oc2cc(O)cc(O)c12)c3ccc(O)cc3(O),Test,Active,1
784,83-79-4,O=C3c5ccc1OC(C(=C)C)Cc1c5(OC4COc2cc(OC)c(OC)cc2C34),Test,Inactive,0
785,2443-58-5,Oc2ccc3c1ccccc1Cc3(c2),Test,Active,1
786,1470-94-6,Oc1ccc2c(c1)CCC2,Test,Inactive,0
787,580-16-5,Oc1ccc2ncccc2(c1),Test,Inactive,0
788,525-82-6,O=C1C=C(Oc2ccccc12)c3ccccc3,Test,Inactive,0
789,529-44-2,O=C1C(O)=C(Oc2cc(O)cc(O)c12)c3cc(O)c(O)c(O)c3,Test,Active,1
790,29550-13-8,O=C1C=C(Oc2cc(OC)c(O)c(O)c12)c3ccccc3,Test,Active,1
791,491-54-3,O=C1C(O)=C(Oc2cc(O)cc(O)c12)c3ccc(OC)cc3,Test,Inactive,0
792,973-67-1,O=C1C=C(Oc2cc(OC)c(OC)c(OC)c12)c3ccccc3,Test,Inactive,0
793,6948-88-5,Oc1ccc(c2ccccc12)C(O)(c3ccccc3)c5ccc(O)c4ccccc45,Test,Active,1
794,4709-68-6,c1ccc(cc1)C(c2ccccc2)=C4c5ccccc5(c3ccccc34),Test,Inactive,0
795,1801-42-9,O=C4c1ccccc1C(c2ccccc2)=C4(c3ccccc3),Test,Active,1
796,71030-11-0,O=C1OC(C)CCCC(O)CCCC=Cc2cc(O)cc(O)c12,Test,Active,1
797,479-13-0,O=C3Oc1cc(O)ccc1c4oc2cc(O)ccc2c34,Test,Active,1
798,1214-39-7,n2cnc(NCc1ccccc1)c3[nH]cnc23,Test,Inactive,0
799,43121-43-3,O=C(C(Oc1ccc(cc1)Cl)n2ncnc2)C(C)(C)C,Test,Inactive,0
800,2425-06-1,O=C1N(C(=O)C2CC=CCC12)SC(C(Cl)Cl)(Cl)Cl,Test,Active,1
801,108-93-0,OC1CCCCC1,Test,Inactive,0
802,94-59-7,O1c2ccc(cc2(OC1))CC=C,Test,Inactive,0
803,1120-71-4,O=S1(=O)(OCCC1),Test,Inactive,0
804,7287-19-6,n1c(nc(nc1NC(C)C)SC)NC(C)C,Test,Inactive,0
805,69806-50-4,O=C(OCCCC)C(Oc2ccc(Oc1ncc(cc1)C(F)(F)F)cc2)C,Test,Inactive,0
