name,SMILES,Status,Experimental value,Class
52-68-6,O=P(OC)(OC)C(O)C(Cl)(Cl)Cl,Training,Inactive,0
60-51-5,O=C(NC)CSP(OC)(OC)=S,Training,Inactive,0
62-73-7,O=P(OC=C(Cl)Cl)(OC)OC,Training,Inactive,0
121-75-5,O=C(OCC)CC(C(=O)OCC)SP(OC)(OC)=S,Training,Inactive,0
40596-69-8,O=C(OC(C)C)C=C(C=CCC(C)CCCC(OC)(C)C)C,Training,Inactive,0
927-67-3,NC(NCCC)=S,Training,Inactive,0
96-29-7,ON=C(C)CC,Training,Inactive,0
631-64-1,O=C(O)C(Br)Br,Training,Inactive,0
103-23-1,O=C(OCC(CC)CCCC)CCCCC(=O)OCC(CC)CCCC,Training,Inactive,0
1983-10-4,F[Sn](CCCC)(CCCC)CCCC,Training,Active,1
116-06-3,O=C(ON=CC(C)(C)SC)NC,Training,Inactive,0
919-86-8,O=P(OC)(OC)SCCSCC,Training,Inactive,0
5392-40-5,O=CC=C(C)CCC=C(C)C,Training,Inactive,0
97-77-8,C(N(CC)CC)(=S)SSC(N(CC)CC)=S,Training,Active,1
94-96-2,OCC(CC)C(O)CCC,Training,Inactive,0
126-73-8,O=P(OCCCC)(OCCCC)OCCCC,Training,Inactive,0
97-74-5,C(N(C)C)(=S)SC(N(C)C)=S,Training,Active,1
115-96-8,O=P(OCCCl)(OCCCl)OCCCl,Training,Inactive,0
107-21-1,OCCO,Training,Inactive,0
96-12-8,C(C(CBr)Br)Cl,Training,Inactive,0
79-44-7,O=C(N(C)C)Cl,Training,Inactive,0
2279-76-7,CCC[Sn](CCC)(CCC)Cl,Training,Active,1
2540-82-1,O=CN(C(=O)CSP(OC)(OC)=S)C,Training,Inactive,0
30560-19-1,O=C(NP(=O)(OC)SC)C,Training,Inactive,0
127-18-4,C(=C(Cl)Cl)(Cl)Cl,Training,Inactive,0
50-28-2,Oc1ccc2c(c1)CCC3C2CCC4(C)(C(O)CCC34),Training,Active,1
53-16-7,O=C2CCC3C4CCc1cc(O)ccc1C4(CCC23(C)),Training,Active,1
50-27-1,Oc1ccc2c(c1)CCC3C2CCC4(C)(C(O)C(O)CC34),Training,Active,1
979-32-8,O=C(OC2CCC3C4CCc1cc(O)ccc1C4(CCC23(C)))CCCC,Training,Active,1
50-50-0,O=C(Oc1ccc2c(c1)CCC3C2CCC4(C)(C(O)CCC34))c5ccccc5,Training,Active,1
63042-18-2,O=C(Oc1ccc2c(c1)CCC3C2CCC4(C)(C(OC(=O)CCC)CCC34))c5ccccc5,Training,Inactive,0
1474-53-9,OC2CC3C4CCc1cc(OC)ccc1C4(CCC3(C)(C2(O))),Training,Active,1
1624-62-0,O=C2CCC3C4CCc1cc(OC)ccc1C4(CCC23(C)),Training,Active,1
72-33-3,C#CC3(O)(CCC2C4CCc1cc(OC)ccc1C4(CCC23(C))),Training,Active,1
41164-36-7,O=C(O)COc1ccc2c(c1)CCC3C2CCC4(C)(C(O)CCC34),Training,Active,1
7698-93-3,O=C(O)CCC(=O)OC2CCC3C4CCc1cc(O)ccc1C4(CCC23(C)),Training,Active,1
4956-37-0,O=C(OC2CCC3C4CCc1cc(O)ccc1C4(CCC23(C)))CCCCCC,Training,Active,1
152-43-2,C#CC4(O)(CCC3C5CCc2cc(OC1CCCC1)ccc2C5(CCC34(C))),Training,Active,1
901-93-9,O=C(Oc1ccc2c(c1)CCC3C2CCC4(C(=O)CCC34)(C))C,Training,Active,1
3758-34-7,O=C(OC2CCC3C4CCc1cc(O)ccc1C4(CCC23(C)))CC,Training,Active,1
18650-87-8,OC3CC4C5CCc2cc(OCc1ccccc1)ccc2C5(CCC4(C)(C3(O))),Training,Active,1
805-26-5,O=C(OC2CC3C4CCc1cc(O)ccc1C4(CCC3(C)(C2(OC(=O)C))))C,Training,Active,1
2284-32-4,O=C(Oc1ccc2c(c1)CCC3C2CCC4(C)(C(OC(=O)C)C(OC(=O)C)CC34))C,Training,Active,1
566-75-6,O=C2CC3C4CCc1cc(O)ccc1C4(CCC3(C)(C2(O))),Training,Active,1
362-05-0,Oc1cc2c(cc1(O))C3CCC4(C)(C(O)CCC4(C3(CC2))),Training,Active,1
5976-61-4,Oc1ccc2c(c1(O))CCC3C2CCC4(C)(C(O)CCC34),Training,Active,1
362-07-2,Oc1cc2c(cc1(OC))C3CCC4(C)(C(O)CCC4(C3(CC2))),Training,Active,1
1232-80-0,Oc1cc2c(cc1(O))C3CCC4(C)(C(O)C(O)CC4(C3(CC2))),Training,Active,1
53-45-2,O=C2CCC3C4CCc1ccccc1C4(CCC23(C)),Training,Active,1
3131-23-5,O=C2CCC3C4CCc1c(O)c(O)ccc1C4(CCC23(C)),Training,Active,1
362-08-3,O=C2CCC3C4CCc1cc(O)c(OC)cc1C4(CCC23(C)),Training,Active,1
1229-24-9,Oc1ccc2c(c1)C(O)CC3C2CCC4(C)(C(O)CCC34),Training,Active,1
571-92-6,O=C2c1cc(O)ccc1C3CCC4(C)(C(O)CCC4(C3(C2))),Training,Active,1
2208-12-0,O=C2CCC3C4C=Cc1cc(O)ccc1C4(CCC23(C)),Training,Active,1
35048-47-6,O=C(O)CON=C2c1cc(O)ccc1C3CCC4(C)(C(O)CCC4(C3(C2))),Training,Active,1
474-86-2,O=C3CCC4C2=CCc1cc(O)ccc1C2CCC34(C),Training,Active,1
68-23-5,O=C1CC3=C(CC1)C4CCC2(C)(C(CCC2(O)(C#C))C4(CC3)),Training,Active,1
68-22-4,O=C4C=C3CCC2C(CCC1(C)(C2(CCC1(O)(C#C))))C3CC4,Training,Active,1
63-05-8,O=C3C=C2CCC1C4CCC(=O)C4(C)(CCC1C2(C)CC3),Training,Inactive,0
797-63-7,O=C4C=C3CCC2C(CCC1(CC)(C2(CCC1(O)(C#C))))C3CC4,Training,Active,1
315-37-7,O=C(OC2CCC3C4CCC1=CC(=O)CCC1(C)C4(CCC23(C)))CCCCCC,Training,Inactive,0
53-41-8,O=C2CCC3C4CCC1CC(O)CCC1(C)C4(CCC23(C)),Training,Inactive,0
1224-92-6,OC4CCC2(C)(C(CCC1C3CCCC3(C)(CCC12))C4),Training,Active,1
57-83-0,O=C4C=C3CCC1C(CCC2(C)(C(C(=O)C)CCC12))C3(C)CC4,Training,Inactive,0
50-22-6,O=C3C=C2CCC1C4CCC(C(=O)CO)C4(C)(CC(O)C1C2(C)CC3),Training,Inactive,0
53-43-0,O=C2CCC3C4CC=C1CC(O)CCC1(C)C4(CCC23(C)),Training,Active,1
3604-87-3,O=C3C=C1C(CCC2(C)(C(CCC12(O))C(C)C(O)CCC(O)(C)C))C4(C)(CC(O)C(O)CC34),Training,Inactive,0
71-58-9,O=C(OC3(C(=O)C)(CCC2C4CC(C1=CC(=O)CCC1(C)C4(CCC23(C)))C))C,Training,Inactive,0
84371-65-3,O=C5C=C4C(=C3C(c1ccc(cc1)N(C)C)CC2(C)(C(CCC2(O)(C#CC))C3CC4))CC5,Training,Active,1
50-23-7,O=C3C=C2CCC1C4CCC(O)(C(=O)CO)C4(C)(CC(O)C1C2(C)CC3),Training,Inactive,0
434-22-0,O=C4C=C3CCC1C(CCC2(C)(C(O)CCC12))C3CC4,Training,Active,1
751-94-0,O=C(O)C(=C1C(OC(=O)C)CC3(C)(C1CC(O)C2C4(C)(CCC(O)C(C)C4(CCC23(C)))))CCC=C(C)C,Training,Inactive,0
58534-72-8,O=C(O)CCC(=O)Oc1ccc2c(c1)CCC3C2CCC4(C(=O)CCC34)(C),Training,Active,1
50-02-2,O=C1C=CC3(C(=C1)CCC2C4CC(C)C(O)(C(=O)CO)C4(C)(CC(O)C23(F)))(C),Training,Inactive,0
434-07-1,O=C1C(=CO)CC4(C)(C(C1)CCC3C4(CCC2(C)(C3(CCC2(O)(C))))),Training,Active,1
81-23-2,O=C(O)CCC(C)C3CCC2C4C(=O)CC1CC(=O)CCC1(C)C4(CC(=O)C23(C)),Training,Inactive,0
1424-00-6,O=C1CC(C)C3(C)(C(C1)CCC2C4CCC(O)C4(C)(CCC23)),Training,Active,1
846-46-8,O=C1CCC3(C)(C(C1)CCC2C4CCC(=O)C4(C)(CCC23)),Training,Inactive,0
566-65-4,O=C1CCC3(C)(C(C1)CCC2C4CCC(C(=O)C)C4(C)(CCC23)),Training,Inactive,0
1553-56-6,O=C(O)CCC(C)C2CCC3C4CCC1CC(=O)CCC1(C)C4(CCC23(C)),Training,Inactive,0
2089-06-7,O=C1CCC2(C)(C3C(=O)CC4(C)(C(C(=O)C)CCC4(C3(CCC2(C1))))),Training,Inactive,0
50-03-3,O=C(OCC(=O)C3(O)(CCC2C4CCC1=CC(=O)CCC1(C)C4(C(O)CC23(C))))C,Training,Inactive,0
52-01-7,O=C1OC3(CC1)(CCC2C5C(CCC23(C))C4(C(=CC(=O)CC4)CC5SC(=O)C)(C)),Training,Inactive,0
57-85-2,O=C(OC2CCC3C4CCC1=CC(=O)CCC1(C)C4(CCC23(C)))CC,Training,Inactive,0
68-96-2,O=C4C=C3CCC2C(CCC1(C)(C2(CCC1(O)(C(=O)C))))C3(C)CC4,Training,Inactive,0
302-23-8,O=C(OC3(C(=O)C)(CCC2C4CCC1=CC(=O)CCC1(C)C4(CCC23(C))))C,Training,Inactive,0
630-56-8,O=C(OC3(C(=O)C)(CCC2C4CCC1=CC(=O)CCC1(C)C4(CCC23(C))))CCCCC,Training,Inactive,0
50-04-4,O=C(OCC(=O)C3(O)(CCC2C4CCC1=CC(=O)CCC1(C)C4(C(=O)CC23(C))))C,Training,Inactive,0
1045-69-8,O=C(OC2CCC3C4CCC1=CC(=O)CCC1(C)C4(CCC23(C)))C,Training,Inactive,0
13609-67-1,O=C(OC3(C(=O)CO)(CCC2C4CCC1=CC(=O)CCC1(C)C4(C(O)CC23(C))))CCC,Training,Inactive,0
641-77-0,O=C3C=C2CCC1C4CCC(O)(C(=O)C)C4(C)(CC(O)C1C2(C)CC3),Training,Inactive,0
62-99-7,O=C4C=C3C(O)CC1C(CCC2(C)(C(O)CCC12))C3(C)CC4,Training,Inactive,0
382-44-5,O=C3C=C2CCC1C4CCC(=O)C4(C)(CC(O)C1C2(C)CC3),Training,Inactive,0
152-58-9,O=C4C=C3CCC2C(CCC1(C)(C2(CCC1(O)(C(=O)CO))))C3(C)CC4,Training,Inactive,0
510-64-5,O=C3C=C2CCC1C4CCC(=O)C4(C)(CCC1C2(CO)CC3),Training,Inactive,0
56-47-3,O=C(OCC(=O)C2CCC3C4CCC1=CC(=O)CCC1(C)C4(CCC23(C)))C,Training,Inactive,0
127-31-1,O=C3C=C2CCC1C4CCC(O)(C(=O)CO)C4(C)(CC(O)C1(F)C2(C)CC3),Training,Inactive,0
57524-89-7,O=C(OC3(C(=O)CO)(CCC2C4CCC1=CC(=O)CCC1(C)C4(C(O)CC23(C))))CCCC,Training,Inactive,0
3093-35-4,O=C4C=C3CCC2C5CC1OC(OC1(C(=O)CCl)C5(C)(CC(O)C2(F)C3(C)CC4))(C)C,Training,Inactive,0
601-57-0,O=C4C=C3CCC1C(CCC2(C)(C(CCC12)C(C)CCCC(C)C))C3(C)CC4,Training,Inactive,0
80-75-1,O=C3C=C2CCC1C4CCC(C(=O)C)C4(C)(CC(O)C1C2(C)CC3),Training,Inactive,0
382-45-6,O=C4C=C3CCC1C(C(=O)CC2(C(=O)CCC12)(C))C3(C)CC4,Training,Inactive,0
516-15-4,O=C4C=C3CCC1C(C(=O)CC2(C)(C(C(=O)C)CCC12))C3(C)CC4,Training,Inactive,0
145-14-2,O=C4C=C3CCC1C(CCC2(C)(C(CCC12)C(O)C))C3(C)CC4,Training,Inactive,0
10215-74-4,O=C(O)CCC(=O)OCC(=O)C2CCC3C4CCC1=CC(=O)CCC1(C)C4(CCC23(C)),Training,Inactive,0
1097-51-4,O=C5C=C4CCC3C(CCC2(C)(C3(CC1OC12(C(=O)C))))C4(C)CC5,Training,Inactive,0
4319-56-6,O=C4C=C3CCC1C(CCC2(C)(C(C(=O)COC(O)C(O)C(O)C(=O)CCO)CCC12))C3(C)CC4,Training,Inactive,0
100775-23-3,O=C3C=C2CCC1C4CCC(C(=O)COS(=O)(=O)O)C4(C)(CC(O)C1C2(C)CC3),Training,Inactive,0
6678-14-4,O=C(OC3(O)(CCC2C4CCC1=CC(=O)CCC1(C)C4(C(O)CC23(C))))CCCCCCC,Training,Inactive,0
2203-97-6,O=C(O)CCC(=O)OCC(=O)C3(O)(CCC2C4CCC1=CC(=O)CCC1(C)C4(C(O)CC23(C))),Training,Inactive,0
2668-66-8,O=C3C=C2C(C)CC1C4CCC(O)(C(=O)C)C4(C)(CC(O)C1C2(C)CC3),Training,Inactive,0
1662-06-2,O=C4C=C3CCC2C(CCC1(C)(C2(CCC1(O)(C(O)C))))C3(C)CC4,Training,Inactive,0
1180-25-2,O=C(O)C5OC(OC2CCC3C4CCC1=CC(=O)CCC1(C)C4(CCC23(C)))C(O)C(O)C5(O),Training,Inactive,0
108-95-2,Oc1ccccc1,Training,Inactive,0
123-07-9,Oc1ccc(cc1)CC,Training,Inactive,0
645-56-7,Oc1ccc(cc1)CCC,Training,Inactive,0
1638-22-8,Oc1ccc(cc1)CCCC,Training,Active,1
2446-69-7,Oc1ccc(cc1)CCCCCC,Training,Active,1
1987-50-4,Oc1ccc(cc1)CCCCCCC,Training,Active,1
501-24-6,Oc1cccc(c1)CCCCCCCCCCCCCCC,Training,Inactive,0
99-89-8,Oc1ccc(cc1)C(C)C,Training,Active,1
99-71-8,Oc1ccc(cc1)C(C)CC,Training,Active,1
80-46-6,Oc1ccc(cc1)C(C)(C)CC,Training,Active,1
104-40-5,Oc1ccc(cc1)CCCCCCCCC,Training,Active,1
140-66-9,Oc1ccc(cc1)C(C)(C)CC(C)(C)C,Training,Active,1
1518-83-8,Oc1ccc(cc1)C2CCCC2,Training,Active,1
29799-07-3,Oc1ccc(cc1)C34(CC2CC(CC(C2)C3)C4),Training,Active,1
402-45-9,FC(F)(F)c1ccc(O)cc1,Training,Active,1
41492-05-1,c1cc(ccc1CCCC)Br,Training,Inactive,0
95-73-8,c1cc(c(cc1Cl)Cl)C,Training,Inactive,0
5216-25-1,c1cc(ccc1C(Cl)(Cl)Cl)Cl,Training,Inactive,0
50-84-0,O=C(O)c1ccc(cc1Cl)Cl,Training,Inactive,0
5798-75-4,O=C(OCC)c1ccc(cc1)Br,Training,Inactive,0
29114-66-7,O=C(c1ccc(F)cc1)CCCC,Training,Inactive,0
6575-05-9,N#Cc1c(cc(cc1Cl)Cl)Cl,Training,Inactive,0
22248-79-9,O=P(OC(=CCl)c1cc(c(cc1Cl)Cl)Cl)(OC)OC,Training,Inactive,0
41198-08-7,O=P(Oc1ccc(cc1Cl)Br)(OCC)SCCC,Training,Inactive,0
118-60-5,O=C(OCC(CC)CCCC)c1ccccc1(O),Training,Inactive,0
65405-77-8,O=C(OCCC=CCC)c1ccccc1(O),Training,Inactive,0
56424-77-2,O=C(OCC)c1ccccc1(OCC(=O)OCC),Training,Inactive,0
93-76-5,O=C(O)COc1cc(c(cc1Cl)Cl)Cl,Training,Inactive,0
25013-16-5,Oc1ccc(OC)cc1C(C)(C)C,Training,Inactive,0
95-76-1,Nc1ccc(c(c1)Cl)Cl,Training,Inactive,0
88-85-7,O=[N+]([O-])c1cc(c(O)c(c1)C(C)CC)[N+](=O)[O-],Training,Inactive,0
330-54-1,O=C(Nc1ccc(c(c1)Cl)Cl)C(C)C,Training,Inactive,0
1689-83-4,N#Cc1cc(c(O)c(c1)I)I,Training,Inactive,0
94-82-6,O=C(O)CCCOc1ccc(cc1Cl)Cl,Training,Inactive,0
89-72-5,Oc1ccccc1C(C)CC,Training,Inactive,0
90-00-6,Oc1ccccc1CC,Training,Inactive,0
620-17-7,Oc1cccc(c1)CC,Training,Inactive,0
106-44-5,Oc1ccc(cc1)C,Training,Inactive,0
88-18-6,Oc1ccccc1C(C)(C)C,Training,Inactive,0
96-76-4,Oc1ccc(cc1C(C)(C)C)C(C)(C)C,Training,Active,1
499-75-2,Oc1cc(ccc1C)C(C)C,Training,Inactive,0
1138-52-9,Oc1cc(cc(c1)C(C)(C)C)C(C)(C)C,Training,Inactive,0
1879-09-0,Oc1c(cc(cc1C(C)(C)C)C)C,Training,Inactive,0
4130-42-1,Oc1c(cc(cc1C(C)(C)C)CC)C(C)(C)C,Training,Inactive,0
99-96-7,O=C(O)c1ccc(O)cc1,Training,Inactive,0
94-26-8,O=C(OCCCC)c1ccc(O)cc1,Training,Active,1
1083-27-8,O=C(OCCCCCC)c1ccc(O)cc1,Training,Active,1
2664-60-0,O=C(OCCCCCCCCCCCC)c1ccc(O)cc1,Training,Active,1
5153-25-3,O=C(OCC(CC)CCCC)c1ccc(O)cc1,Training,Active,1
94-13-3,O=C(OCCC)c1ccc(O)cc1,Training,Active,1
6521-29-5,O=C(OCCCCC)c1ccc(O)cc1,Training,Active,1
94-18-8,O=C(OCc1ccccc1)c2ccc(O)cc2,Training,Active,1
4191-73-5,O=C(OC(C)C)c1ccc(O)cc1,Training,Active,1
123-31-9,Oc1ccc(O)cc1,Training,Inactive,0
622-62-8,Oc1ccc(OCC)cc1,Training,Inactive,0
18979-50-5,Oc1ccc(OCCC)cc1,Training,Inactive,0
18979-53-8,Oc1ccc(OCCCCC)cc1,Training,Active,1
24305-56-4,Oc1ccc(c(O)c1)CCCCCCCCCCCC,Training,Active,1
98-29-3,Oc1ccc(cc1(O))C(C)(C)C,Training,Active,1
500-66-3,Oc1cc(O)cc(c1)CCCCC,Training,Inactive,0
2138-20-7,Oc1ccc(c(O)c1)C2CCCCC2,Training,Active,1
63177-57-1,O=C(OC)C=Cc1cc(O)ccc1(O),Training,Active,1
1034-01-1,O=C(OCCCCCCCC)c1cc(O)c(O)c(O)c1,Training,Active,1
1138-60-9,O=C(OC(C)C)c1cc(O)c(O)c(O)c1,Training,Active,1
84375-71-3,O=C(OCCCCCC)c1ccc(O)c(OC)c1,Training,Inactive,0
3337-59-5,O=C(OC)c1cc(c(O)c(c1)Cl)Cl,Training,Inactive,0
10210-17-0,Oc1ccc(cc1)CCCO,Training,Active,1
3144-54-5,O=C(c1ccc(O)cc1(O))CCCCC,Training,Active,1
70-70-2,O=C(c1ccc(O)cc1)CC,Training,Inactive,0
7400-08-0,O=C(O)C=Cc1ccc(O)cc1,Training,Inactive,0
14392-69-9,O=C(c1ccc(O)cc1)CCCCCCCC,Training,Active,1
5597-50-2,O=C(OC)CCc1ccc(O)cc1,Training,Inactive,0
59-50-7,Oc1ccc(c(c1)C)Cl,Training,Inactive,0
1570-64-5,Oc1ccc(cc1C)Cl,Training,Inactive,0
6640-27-3,Oc1ccc(cc1Cl)C,Training,Inactive,0
88-04-0,Oc1cc(c(c(c1)C)Cl)C,Training,Inactive,0
1124-04-5,Oc1cc(c(cc1Cl)C)C,Training,Inactive,0
576-55-6,Oc1c(c(c(c(c1Br)Br)Br)Br)C,Training,Inactive,0
80866-89-3,O=C1NC(=O)C(C(=O)N1)(c2ccc(O)cc2)CC,Training,Inactive,0
14199-15-6,O=C(OC)Cc1ccc(O)cc1,Training,Active,1
501-97-3,O=C(O)CCc1ccc(O)cc1,Training,Inactive,0
5471-51-2,O=C(C)CCc1ccc(O)cc1,Training,Inactive,0
56718-71-9,Oc1ccc(cc1)CCOC,Training,Inactive,0
108-90-7,c1ccc(cc1)Cl,Training,Inactive,0
541-73-1,c1cc(cc(c1)Cl)Cl,Training,Inactive,0
120-82-1,c1cc(c(cc1Cl)Cl)Cl,Training,Inactive,0
108-70-3,c1c(cc(cc1Cl)Cl)Cl,Training,Inactive,0
634-66-2,c1cc(c(c(c1Cl)Cl)Cl)Cl,Training,Active,1
634-90-2,c1c(cc(c(c1Cl)Cl)Cl)Cl,Training,Inactive,0
608-93-5,c1c(c(c(c(c1Cl)Cl)Cl)Cl)Cl,Training,Inactive,0
583-53-9,c1ccc(c(c1)Br)Br,Training,Inactive,0
108-36-1,c1cc(cc(c1)Br)Br,Training,Inactive,0
106-37-6,c1cc(ccc1Br)Br,Training,Inactive,0
615-54-3,c1cc(c(cc1Br)Br)Br,Training,Inactive,0
626-39-1,c1c(cc(cc1Br)Br)Br,Training,Inactive,0
94-99-5,c1cc(c(cc1Cl)Cl)CCl,Training,Inactive,0
320-60-5,FC(F)(F)c1ccc(cc1Cl)Cl,Training,Inactive,0
434-64-0,Fc1c(F)c(F)c(c(F)c1(F))C(F)(F)F,Training,Inactive,0
120-83-2,Oc1ccc(cc1Cl)Cl,Training,Inactive,0
583-78-8,Oc1cc(ccc1Cl)Cl,Training,Inactive,0
87-65-0,Oc1c(cccc1Cl)Cl,Training,Inactive,0
591-35-5,Oc1cc(cc(c1)Cl)Cl,Training,Inactive,0
933-78-8,Oc1cc(cc(c1Cl)Cl)Cl,Training,Inactive,0
95-95-4,Oc1cc(c(cc1Cl)Cl)Cl,Training,Inactive,0
88-06-2,Oc1c(cc(cc1Cl)Cl)Cl,Training,Inactive,0
58-90-2,Oc1c(cc(c(c1Cl)Cl)Cl)Cl,Training,Inactive,0
87-86-5,Oc1c(c(c(c(c1Cl)Cl)Cl)Cl)Cl,Training,Inactive,0
95-56-7,Oc1ccccc1Br,Training,Inactive,0
591-20-8,Oc1cccc(c1)Br,Training,Inactive,0
615-58-7,Oc1ccc(cc1Br)Br,Training,Inactive,0
118-79-6,Oc1c(cc(cc1Br)Br)Br,Training,Inactive,0
15499-27-1,c1cc(ccc1CCCC)Cl,Training,Inactive,0
76287-49-5,c1cc(ccc1CCCCCCC)Br,Training,Inactive,0
84-66-2,O=C(OCC)c1ccccc1(C(=O)OCC),Training,Inactive,0
131-18-0,O=C(OCCCCC)c1ccccc1(C(=O)OCCCCC),Training,Active,1
84-75-3,O=C(OCCCCCC)c1ccccc1(C(=O)OCCCCCC),Training,Active,1
3648-21-3,O=C(OCCCCCCC)c1ccccc1(C(=O)OCCCCCCC),Training,Active,1
2432-90-8,O=C(OCCCCCCCCCCCC)c1ccccc1(C(=O)OCCCCCCCCCCCC),Training,Inactive,0
84-69-5,O=C(OCC(C)C)c1ccccc1(C(=O)OCC(C)C),Training,Active,1
131-17-9,O=C(OCC=C)c1ccccc1(C(=O)OCC=C),Training,Inactive,0
28553-12-0,O=C(OCCCCCCC(C)C)c1ccccc1(C(=O)OCCCCCCC(C)C),Training,Active,1
117-81-7,O=C(OCC(CC)CCCC)c1ccccc1(C(=O)OCC(CC)CCCC),Training,Active,1
84-61-7,O=C(OC1CCCCC1)c3ccccc3(C(=O)OC2CCCCC2),Training,Active,1
84-62-8,O=C(Oc1ccccc1)c3ccccc3(C(=O)Oc2ccccc2),Training,Inactive,0
523-31-9,O=C(OCc1ccccc1)c3ccccc3(C(=O)OCc2ccccc2),Training,Active,1
117-83-9,O=C(OCCOCCCC)c1ccccc1(C(=O)OCCOCCCC),Training,Inactive,0
4376-18-5,O=C(O)c1ccccc1(C(=O)OC),Training,Inactive,0
4376-20-9,O=C(O)c1ccccc1(C(=O)OCC(CC)CCCC),Training,Active,1
85-68-7,O=C(OCc1ccccc1)c2ccccc2(C(=O)OCCCC),Training,Active,1
85-70-1,O=C(OCC(=O)OCCCC)c1ccccc1(C(=O)OCCCC),Training,Inactive,0
3319-31-1,O=C(OCC(CC)CCCC)c1ccc(C(=O)OCC(CC)CCCC)c(c1)C(=O)OCC(CC)CCCC,Training,Inactive,0
1528-49-0,O=C(OCCCCCC)c1ccc(C(=O)OCCCCCC)c(c1)C(=O)OCCCCCC,Training,Inactive,0
53894-23-8,O=C(OCCCCCCC(C)C)c1ccc(C(=O)OCCCCCCC(C)C)c(c1)C(=O)OCCCCCCC(C)C,Training,Inactive,0
1459-93-4,O=C(OC)c1cccc(c1)C(=O)OC,Training,Inactive,0
744-45-6,O=C(Oc1ccccc1)c2cccc(c2)C(=O)Oc3ccccc3,Training,Inactive,0
636-09-9,O=C(OCC)c1ccc(cc1)C(=O)OCC,Training,Inactive,0
1026-92-2,O=C(OCC=C)c1ccc(cc1)C(=O)OCC=C,Training,Inactive,0
6422-86-2,O=C(OCC(CC)CCCC)c1ccc(cc1)C(=O)OCC(CC)CCCC,Training,Inactive,0
1539-04-4,O=C(Oc1ccccc1)c2ccc(cc2)C(=O)Oc3ccccc3,Training,Inactive,0
104-51-8,c1ccc(cc1)CCCC,Training,Inactive,0
104-13-2,Nc1ccc(cc1)CCCC,Training,Inactive,0
33228-44-3,Nc1ccc(cc1)CCCCC,Training,Inactive,0
33228-45-4,Nc1ccc(cc1)CCCCCC,Training,Inactive,0
769-92-6,Nc1ccc(cc1)C(C)(C)C,Training,Inactive,0
21643-38-9,O=C(O)c1ccc(cc1)CCCCCC,Training,Inactive,0
38350-87-7,O=C(O)c1ccc(cc1)CCCCCCC,Training,Inactive,0
98-95-3,O=[N+]([O-])c1ccccc1,Training,Inactive,0
99-99-0,O=[N+]([O-])c1ccc(cc1)C,Training,Inactive,0
121-14-2,O=[N+]([O-])c1ccc(c(c1)[N+](=O)[O-])C,Training,Inactive,0
51-05-8,O=C(OCCN(CC)CC)c1ccc(N)cc1,Training,Inactive,0
21245-02-3,O=C(OCC(CC)CCCC)c1ccc(cc1)N(C)C,Training,Inactive,0
13311-84-7,O=C(Nc1ccc(c(c1)C(F)(F)F)[N+](=O)[O-])C(C)C,Training,Inactive,0
330-55-2,O=C(Nc1ccc(c(c1)Cl)Cl)N(OC)C,Training,Inactive,0
94-75-7,O=C(O)COc1ccc(cc1Cl)Cl,Training,Inactive,0
15972-60-8,O=C(N(c1c(cccc1CC)CC)COC)CCl,Training,Inactive,0
5300-03-8,O=C(O)C=C(C=CC=C(C=CC1=C(C)CCCC1(C)C)C)C,Training,Inactive,0
528-29-0,O=[N+]([O-])c1ccccc1[N+](=O)[O-],Training,Inactive,0
119-36-8,O=C(OC)c1ccccc1(O),Training,Inactive,0
527-54-8,Oc1cc(c(c(c1)C)C)C,Training,Inactive,0
67845-93-6,O=C(OCCCCCCCCCCCCCCCC)c1cc(c(O)c(c1)C(C)(C)C)C(C)(C)C,Training,Inactive,0
87-82-1,c1(c(c(c(c(c1Br)Br)Br)Br)Br)Br,Training,Inactive,0
608-71-9,Oc1c(c(c(c(c1Br)Br)Br)Br)Br,Training,Inactive,0
29082-74-4,c1(c(c(c(c(c1Cl)Cl)Cl)Cl)Cl)C(=C(Cl)Cl)Cl,Training,Inactive,0
117-82-8,O=C(OCCOC)c1ccccc1(C(=O)OCCOC),Training,Inactive,0
18144-43-9,O=C(OC(C)C)c1ccc(N)cc1,Training,Inactive,0
451-46-7,O=C(OCC)c1ccc(F)cc1,Training,Inactive,0
99-77-4,O=C(OCC)c1ccc(cc1)[N+](=O)[O-],Training,Inactive,0
16245-79-7,Nc1ccc(cc1)CCCCCCCC,Training,Inactive,0
2033-89-8,Oc1ccc(OC)c(OC)c1,Training,Inactive,0
13608-87-2,O=C(c1ccc(c(c1Cl)Cl)Cl)C,Training,Inactive,0
94-25-7,O=C(OCCCC)c1ccc(N)cc1,Training,Active,1
94-12-2,O=C(OCCC)c1ccc(N)cc1,Training,Inactive,0
455-24-3,O=C(O)c1ccc(cc1)C(F)(F)F,Training,Inactive,0
455-19-6,O=Cc1ccc(cc1)C(F)(F)F,Training,Inactive,0
349-58-6,FC(F)(F)c1cc(O)cc(c1)C(F)(F)F,Training,Inactive,0
120-48-9,O=C(OCCCC)c1ccc(cc1)[N+](=O)[O-],Training,Inactive,0
828-27-3,FC(F)(F)Oc1ccc(O)cc1,Training,Active,1
13036-02-7,O=C(OC)c1cc(O)cc(c1)C(=O)OC,Training,Inactive,0
N.A.,O=C(OCCC(C)C)c1ccc(cc1)N(C)C,Training,Inactive,0
4342-36-3,O=C(O[Sn](CCCC)(CCCC)CCCC)c1ccccc1,Training,Active,1
537-98-4,O=C(O)C=Cc1ccc(O)c(OC)c1,Training,Inactive,0
23950-58-5,O=C(NC(C#C)(C)C)c1cc(cc(c1)Cl)Cl,Training,Inactive,0
123-30-8,Oc1ccc(N)cc1,Training,Active,1
299-84-3,O(c1cc(c(cc1Cl)Cl)Cl)P(OC)(OC)=S,Training,Active,1
120-36-5,O=C(O)C(Oc1ccc(cc1Cl)Cl)C,Training,Inactive,0
95-80-7,Nc1ccc(c(N)c1)C,Training,Inactive,0
100-44-7,c1ccc(cc1)CCl,Training,Inactive,0
114-26-1,O=C(Oc1ccccc1(OC(C)C))NC,Training,Inactive,0
1746-81-2,O=C(Nc1ccc(cc1)Cl)N(OC)C,Training,Inactive,0
93-65-2,O=C(O)C(Oc1ccc(cc1C)Cl)C,Training,Inactive,0
94-74-6,O=C(O)COc1ccc(cc1C)Cl,Training,Inactive,0
95-53-4,Nc1ccccc1C,Training,Inactive,0
134-62-3,O=C(c1cccc(c1)C)N(CC)CC,Training,Inactive,0
150-68-5,O=C(Nc1ccc(cc1)Cl)N(C)C,Training,Inactive,0
299-86-5,O=P(Oc1ccc(cc1Cl)C(C)(C)C)(OC)NC,Training,Inactive,0
87-66-1,Oc1cccc(O)c1(O),Training,Active,1
95-55-6,Oc1ccccc1(N),Training,Inactive,0
120-80-9,Oc1ccccc1(O),Training,Inactive,0
591-27-5,Oc1cccc(N)c1,Training,Inactive,0
2104-96-3,O(c1cc(c(cc1Cl)Br)Cl)P(OC)(OC)=S,Training,Active,1
26087-47-8,O=P(OC(C)C)(OC(C)C)SCc1ccccc1,Training,Inactive,0
100-00-5,O=[N+]([O-])c1ccc(cc1)Cl,Training,Inactive,0
100-63-0,NNc1ccccc1,Training,Inactive,0
122-14-5,O=[N+]([O-])c1ccc(OP(OC)(OC)=S)cc1C,Training,Inactive,0
140-56-7,O=S(=O)(O)N=Nc1ccc(cc1)N(C)C,Training,Inactive,0
17138-28-2,O=C(OCC)Cc1ccc(O)cc1,Training,Inactive,0
370-14-9,Oc1ccc(cc1)CC(NC)C,Training,Inactive,0
1844-00-4,Oc1ccc(cc1)C(c2ccc(O)cc2)C(C)C,Training,Active,1
2051-60-7,c1ccc(cc1)c2ccccc2Cl,Training,Inactive,0
2051-61-8,c1ccc(cc1)c2cccc(c2)Cl,Training,Inactive,0
92-86-4,c1cc(ccc1c2ccc(cc2)Br)Br,Training,Inactive,0
398-23-2,Fc1ccc(cc1)c2ccc(F)cc2,Training,Inactive,0
3001-15-8,c1cc(ccc1c2ccc(cc2)I)I,Training,Active,1
92-69-3,Oc1ccc(cc1)c2ccccc2,Training,Active,1
90-43-7,Oc1ccccc1c2ccccc2,Training,Inactive,0
92-88-6,Oc1ccc(cc1)c2ccc(O)cc2,Training,Active,1
1806-29-7,Oc1ccccc1c2ccccc2(O),Training,Inactive,0
491-45-2,Oc1cc(O)c(c(O)c1)c2cc(O)cc(O)c2,Training,Inactive,0
28034-99-3,Oc1ccc(cc1)c2ccc(cc2)Cl,Training,Active,1
29558-77-8,Oc1ccc(cc1)c2ccc(cc2)Br,Training,Active,1
16881-71-3,Oc1ccc(cc1)c2ccc(OC)cc2,Training,Active,1
58574-03-1,O=C(O)c1ccc(cc1)c2ccc(O)cc2,Training,Active,1
92-92-2,O=C(O)c1ccc(cc1)c2ccccc2,Training,Inactive,0
101-81-5,c1ccc(cc1)Cc2ccccc2,Training,Inactive,0
101-53-1,Oc1ccc(cc1)Cc2ccccc2,Training,Active,1
620-92-8,Oc1ccc(cc1)Cc2ccc(O)cc2,Training,Active,1
2081-08-5,Oc1ccc(cc1)C(c2ccc(O)cc2)C,Training,Active,1
599-64-4,Oc1ccc(cc1)C(c2ccccc2)(C)C,Training,Active,1
77-40-7,Oc1ccc(cc1)C(c2ccc(O)cc2)(C)CC,Training,Active,1
6807-17-6,Oc1ccc(cc1)C(c2ccc(O)cc2)(C)CC(C)C,Training,Active,1
1571-75-1,Oc1ccc(cc1)C(c2ccccc2)(c3ccc(O)cc3)C,Training,Active,1
81-92-5,Oc1ccc(cc1)C(c2ccc(O)cc2)c3ccccc3CO,Training,Active,1
1478-61-1,FC(F)(F)C(c1ccc(O)cc1)(c2ccc(O)cc2)C(F)(F)F,Training,Active,1
1943-97-1,Oc1ccc(cc1)C5(c2ccc(O)cc2)(CC3CC5(C4CCCC34)),Training,Active,1
603-45-2,O=C1C=CC(C=C1)=C(c2ccc(O)cc2)c3ccc(O)cc3,Training,Active,1
143-74-8,O=S4(=O)(OC(c1ccc(O)cc1)(c2ccc(O)cc2)c3ccccc34),Training,Inactive,0
126-00-1,O=C(O)CCC(c1ccc(O)cc1)(c2ccc(O)cc2)C,Training,Active,1
13595-25-0,Oc1ccc(cc1)C(c2cccc(c2)C(c3ccc(O)cc3)(C)C)(C)C,Training,Active,1
2167-51-3,Oc1ccc(cc1)C(c2ccc(cc2)C(c3ccc(O)cc3)(C)C)(C)C,Training,Active,1
37693-01-9,Oc1ccc(cc1Cc2ccc(cc2Cl)Cl)C(C)(C)CC(C)(C)C,Training,Active,1
80-09-1,O=S(=O)(c1ccc(O)cc1)c2ccc(O)cc2,Training,Active,1
2784-27-2,O=C1NC(=O)C(N1)C(c2ccccc2)c3ccc(O)cc3,Training,Inactive,0
62625-31-4,O=S4(=O)(OC(c1ccc(O)cc1C)(c2ccc(O)cc2C)c3ccccc34),Training,Active,1
1844-01-5,Oc1ccc(cc1)C(c2ccccc2)(c3ccccc3)c4ccc(O)cc4,Training,Active,1
5384-21-4,Oc1c(cc(cc1C)Cc2cc(c(O)c(c2)C)C)C,Training,Active,1
5613-46-7,Oc1c(cc(cc1C)C(c2cc(c(O)c(c2)C)C)(C)C)C,Training,Active,1
79-94-7,Oc1c(cc(cc1Br)C(c2cc(c(O)c(c2)Br)Br)(C)C)Br,Training,Inactive,0
79-97-0,Oc1ccc(cc1C)C(c2ccc(O)c(c2)C)(C)C,Training,Active,1
1745-89-7,Oc1ccc(cc1(C=C))C(c2ccc(O)c(C=C)c2)(C)C,Training,Active,1
1843-03-4,Oc1cc(c(cc1C(C)(C)C)C(c2cc(c(O)cc2C)C(C)(C)C)CC(c3cc(c(O)cc3C)C(C)(C)C)C)C,Training,Active,1
72-54-8,c1cc(ccc1C(c2ccc(cc2)Cl)C(Cl)Cl)Cl,Training,Inactive,0
72-55-9,c1cc(ccc1C(c2ccc(cc2)Cl)=C(Cl)Cl)Cl,Training,Inactive,0
53-19-0,c1ccc(c(c1)C(c2ccc(cc2)Cl)C(Cl)Cl)Cl,Training,Active,1
3424-82-6,c1ccc(c(c1)C(c2ccc(cc2)Cl)=C(Cl)Cl)Cl,Training,Active,1
115-32-2,OC(c1ccc(cc1)Cl)(c2ccc(cc2)Cl)C(Cl)(Cl)Cl,Training,Active,1
80-06-8,OC(c1ccc(cc1)Cl)(c2ccc(cc2)Cl)C,Training,Inactive,0
2642-82-2,OCC(c1ccc(cc1)Cl)c2ccc(cc2)Cl,Training,Inactive,0
90-97-1,OC(c1ccc(cc1)Cl)c2ccc(cc2)Cl,Training,Inactive,0
2172-51-2,N#CCC(c1ccc(cc1)Cl)(c2ccc(cc2)Cl)c3ccc(cc3)Cl,Training,Inactive,0
3010-80-8,OC(c1ccc(cc1)Cl)(c2ccc(cc2)Cl)c3ccc(cc3)Cl,Training,Inactive,0
2990-17-2,c1cc(ccc1C(c2ccc(cc2)Br)C(Cl)(Cl)Cl)Br,Training,Inactive,0
27064-94-4,Fc1ccc(cc1)C(c2ccc(F)cc2)Cl,Training,Inactive,0
119-56-2,OC(c1ccccc1)c2ccc(cc2)Cl,Training,Inactive,0
22856-62-8,Nc1ccc(c(c1)C)CCc2ccc(N)cc2C,Training,Active,1
103-29-7,c1ccc(cc1)CCc2ccccc2,Training,Inactive,0
84-16-2,Oc1ccc(cc1)C(CC)C(c2ccc(O)cc2)CC,Training,Active,1
84-17-3,Oc1ccc(cc1)C(=CC)C(=CC)c2ccc(O)cc2,Training,Active,1
1226-42-2,O=C(C(=O)c1ccc(OC)cc1)c2ccc(OC)cc2,Training,Inactive,0
120-44-5,O=C(c1ccc(OC)cc1)Cc2ccc(OC)cc2,Training,Inactive,0
35578-47-3,O=C(c1ccc(cc1)Br)C(=O)c2ccc(cc2)Br,Training,Inactive,0
40101-17-5,O=C(C(=O)c1cccc(OC)c1)c2cccc(OC)c2,Training,Inactive,0
3669-41-8,O=C(c1ccc(O)cc1(O))Cc2ccccc2,Training,Active,1
2491-32-9,O=C(c1ccc(O)cc1)Cc2ccccc2,Training,Active,1
4825-53-0,O=C(Oc1ccc(cc1)C(CC)C(c2ccc(OC(=O)CC)cc2)CC)CC,Training,Active,1
103-30-0,c1ccc(cc1)C=Cc2ccccc2,Training,Inactive,0
56-53-1,Oc1ccc(cc1)C(=C(c2ccc(O)cc2)CC)CC,Training,Active,1
10540-29-1,O(c1ccc(cc1)C(c2ccccc2)=C(c3ccccc3)CC)CCN(C)C,Training,Active,1
836-44-2,Oc1ccc(cc1)C=Cc2ccc(N)cc2,Training,Active,1
10083-24-6,Oc2cc(O)cc(C=Cc1ccc(O)c(O)c1)c2,Training,Active,1
54760-75-7,Nc1ccc(cc1)C=Cc2ccc(N)cc2,Training,Inactive,0
501-36-0,Oc1ccc(cc1)C=Cc2cc(O)cc(O)c2,Training,Active,1
569-57-3,O(c1ccc(cc1)C(c2ccc(OC)cc2)=C(c3ccc(OC)cc3)Cl)C,Training,Active,1
58-72-0,c1ccc(cc1)C=C(c2ccccc2)c3ccccc3,Training,Active,1
119-61-9,O=C(c1ccccc1)c2ccccc2,Training,Inactive,0
1137-42-4,O=C(c1ccccc1)c2ccc(O)cc2,Training,Active,1
13020-57-0,O=C(c1ccccc1)c2cccc(O)c2,Training,Active,1
611-99-4,O=C(c1ccc(O)cc1)c2ccc(O)cc2,Training,Active,1
835-11-0,O=C(c1ccccc1(O))c2ccccc2(O),Training,Inactive,0
31127-54-5,O=C(c1ccc(O)cc1)c2ccc(O)c(O)c2(O),Training,Active,1
131-55-5,O=C(c1ccc(O)cc1(O))c2ccc(O)cc2(O),Training,Active,1
42019-78-3,O=C(c1ccc(O)cc1)c2ccc(cc2)Cl,Training,Active,1
25913-05-7,O=C(c1ccc(F)cc1)c2ccc(O)cc2,Training,Active,1
1143-72-2,O=C(c1ccccc1)c2ccc(O)c(O)c2(O),Training,Active,1
3988-03-2,O=C(c1ccc(cc1)Br)c2ccc(cc2)Br,Training,Active,1
831-82-3,Oc2ccc(Oc1ccccc1)cc2,Training,Active,1
103-16-2,Oc2ccc(OCc1ccccc1)cc2,Training,Active,1
7005-72-3,O(c1ccccc1)c2ccc(cc2)Cl,Training,Inactive,0
2050-47-7,O(c1ccc(cc1)Br)c2ccc(cc2)Br,Training,Inactive,0
26002-80-2,O=C(OCc2cccc(Oc1ccccc1)c2)C3C(C=C(C)C)C3(C)(C),Training,Inactive,0
52645-53-1,O=C(OCc2cccc(Oc1ccccc1)c2)C3C(C=C(Cl)Cl)C3(C)(C),Training,Inactive,0
1836-75-5,O=[N+]([O-])c2ccc(Oc1ccc(cc1Cl)Cl)cc2,Training,Inactive,0
79127-80-3,O=C(OCC)NCCOc2ccc(Oc1ccccc1)cc2,Training,Inactive,0
17355-11-2,O=C(O)C(NC(=O)C(N)Cc1ccc(O)cc1)Cc2ccccc2,Training,Inactive,0
579-56-6,Oc1ccc(cc1)C(O)C(NC(C)COc2ccccc2)C,Training,Inactive,0
1689-82-3,Oc2ccc(N=Nc1ccccc1)cc2,Training,Active,1
37677-93-3,Oc1ccc(cc1)C25(CC4CC(C2)CC(c3ccc(O)cc3)(C4)C5),Training,Active,1
15797-52-1,Oc1ccc(cc1)c2cc(cc(c2)c3ccc(O)cc3)c4ccc(O)cc4,Training,Active,1
500-38-9,Oc1ccc(cc1(O))CC(C)C(C)Cc2ccc(O)c(O)c2,Training,Active,1
23239-51-2,Oc1ccc(cc1)CCNC(C)C(O)c2ccc(O)cc2,Training,Inactive,0
60-82-2,O=C(c1c(O)cc(O)cc1(O))CCc2ccc(O)cc2,Training,Active,1
77-08-7,Oc1cc4c(cc1(O))C3(c2cc(O)c(O)cc2C(C)(C)C3)(CC4(C)C),Training,Active,1
1050-28-8,O=C(O)C(NC(=O)C(N)Cc1ccc(O)cc1)Cc2ccc(O)cc2,Training,Inactive,0
2664-63-3,Oc1ccc(cc1)Sc2ccc(O)cc2,Training,Active,1
102-06-7,N=C(Nc1ccccc1)Nc2ccccc2,Training,Inactive,0
78-30-8,O=P(Oc1ccccc1C)(Oc2ccccc2C)Oc3ccccc3C,Training,Active,1
74-31-7,c1ccc(cc1)Nc2ccc(cc2)Nc3ccccc3,Training,Active,1
65277-42-1,O=C(N5CCN(c4ccc(OCC1OC(OC1)(c2ccc(cc2Cl)Cl)Cn3cncc3)cc4)CC5)C,Training,Inactive,0
61432-55-1,O=C(N1CCCCC1)SC(c2ccccc2)(C)C,Training,Inactive,0
122-39-4,c1ccc(cc1)Nc2ccccc2,Training,Inactive,0
2104-64-5,O=[N+]([O-])c2ccc(OP(OCC)(c1ccccc1)=S)cc2,Training,Inactive,0
21609-90-5,O(c1cc(c(cc1Cl)Br)Cl)P(OC)(c2ccccc2)=S,Training,Active,1
33089-61-1,N(=CN(C=Nc1ccc(cc1C)C)C)c2ccc(cc2C)C,Training,Inactive,0
142172-97-2,Oc1cnc(nc1)c2ccc(O)cc2,Training,Inactive,0
2051-85-6,Oc2ccc(N=Nc1ccccc1)c(O)c2,Training,Active,1
3294-03-9,Oc1ccc(cc1Sc2cc(ccc2(O))C(C)(C)CC(C)(C)C)C(C)(C)CC(C)(C)C,Training,Active,1
3483-82-7,O=C(OCC)C(NC(=O)c1ccccc1)Cc2ccc(O)cc2,Training,Inactive,0
49745-95-1,Oc1ccc(cc1)CCC(NCCc2ccc(O)c(O)c2)C,Training,Active,1
74-39-5,O=[N+]([O-])c2ccc(N=Nc1ccc(O)cc1(O))cc2,Training,Inactive,0
51-24-1,O=C(O)Cc2cc(c(Oc1ccc(O)c(c1)I)c(c2)I)I,Training,Active,1
6893-02-3,O=C(O)C(N)Cc2cc(c(Oc1ccc(O)c(c1)I)c(c2)I)I,Training,Inactive,0
5817-39-0,O=C(O)C(N)Cc2ccc(Oc1cc(c(O)c(c1)I)I)c(c2)I,Training,Inactive,0
50-41-9,O(c1ccc(cc1)C(c2ccccc2)=C(c3ccccc3)Cl)CCN(CC)CC,Training,Active,1
35367-38-5,O=C(NC(=O)c1c(F)cccc1(F))Nc2ccc(cc2)Cl,Training,Inactive,0
76-87-9,O[Sn](c1ccccc1)(c2ccccc2)c3ccccc3,Training,Active,1
728-87-0,OC(c1ccc(OC)cc1)c2ccc(OC)cc2,Training,Inactive,0
101-77-9,Nc1ccc(cc1)Cc2ccc(N)cc2,Training,Inactive,0
22494-42-4,O=C(O)c1cc(ccc1(O))c2ccc(F)cc2(F),Training,Inactive,0
92-66-0,c1ccc(cc1)c2ccc(cc2)Br,Training,Inactive,0
1144-74-7,O=C(c1ccccc1)c2ccc(cc2)[N+](=O)[O-],Training,Inactive,0
118-55-8,O=C(Oc1ccccc1)c2ccccc2(O),Training,Inactive,0
1620-21-9,c1ccc(cc1)C(c2ccc(cc2)Cl)N3CCN(C)CC3,Training,Inactive,0
980-71-2,n1ccccc1C(c2ccc(cc2)Br)CCN(C)C,Training,Inactive,0
434-90-2,Fc1c(F)c(F)c(c(F)c1(F))c2c(F)c(F)c(F)c(F)c2(F),Training,Inactive,0
3218-36-8,O=Cc1ccc(cc1)c2ccccc2,Training,Inactive,0
134-85-0,O=C(c1ccccc1)c2ccc(cc2)Cl,Training,Inactive,0
90-90-4,O=C(c1ccccc1)c2ccc(cc2)Br,Training,Inactive,0
92-91-1,O=C(c1ccc(cc1)c2ccccc2)C,Training,Inactive,0
131-53-3,O=C(c1ccccc1(O))c2ccc(OC)cc2(O),Training,Inactive,0
3739-38-6,O=C(O)c2cccc(Oc1ccccc1)c2,Training,Inactive,0
85-29-0,O=C(c1ccc(cc1)Cl)c2ccccc2Cl,Training,Inactive,0
611-95-0,O=C(O)c1ccc(cc1)C(=O)c2ccccc2,Training,Inactive,0
303-26-4,c1ccc(cc1)C(c2ccc(cc2)Cl)N3CCNCC3,Training,Inactive,0
530-44-9,O=C(c1ccccc1)c2ccc(cc2)N(C)C,Training,Inactive,0
3457-48-5,O=C(c1ccc(cc1)C)C(=O)c2ccc(cc2)C,Training,Inactive,0
6554-98-9,Oc1ccc(cc1)C=Cc2ccccc2,Training,Active,1
24758-49-4,O=C(c1ccccc1)c2ccc(cc2)N3CCOCC3,Training,Inactive,0
632-51-9,c1ccc(cc1)C(c2ccccc2)=C(c3ccccc3)c4ccccc4,Training,Active,1
342-25-6,O=C(c1ccc(F)cc1)c2ccccc2(F),Training,Inactive,0
1607-57-4,c1ccc(cc1)C(c2ccccc2)=C(c3ccccc3)Br,Training,Active,1
5731-13-5,O=C(O)c1ccc(cc1)c2ccc(cc2)CC,Training,Inactive,0
457-68-1,Fc1ccc(cc1)Cc2ccc(F)cc2,Training,Inactive,0
17078-27-2,O=C(c1ccc(cc1)N(C)C)C(=O)c2ccc(cc2)N(C)C,Training,Inactive,0
833-81-8,c1ccc(cc1)C=C(c2ccccc2)C,Training,Inactive,0
787-70-2,O=C(O)c1ccc(cc1)c2ccc(cc2)C(=O)O,Training,Inactive,0
N.A.,c1ccc(cc1)C=Cc2ccc(cc2)CCl,Training,Inactive,0
40200-69-9,O=Cc1ccc(cc1)C=Cc2ccccc2,Training,Inactive,0
1868-00-4,O=C(c1cccc(c1)C(F)(F)F)c2cccc(c2)C(F)(F)F,Training,Inactive,0
85118-07-6,O=C(c1ccccc1)c2ccc(F)c(F)c2,Training,Inactive,0
345-70-0,O=C(c1cccc(F)c1)c2cccc(F)c2,Training,Inactive,0
49757-42-8,O(c1ccc(cc1)C(c2ccc(OC)cc2)(c3ccc(OC)cc3)Cl)C,Training,Active,1
1171-47-7,O=C(O)c1ccc(cc1)C(c2ccc(cc2)C(=O)O)(C(F)(F)F)C(F)(F)F,Training,Active,1
1095-77-8,FC(F)(F)C(c1ccc(cc1)C)(c2ccc(cc2)C)C(F)(F)F,Training,Active,1
611-98-3,O=C(c1ccc(N)cc1)c2ccc(N)cc2,Training,Inactive,0
19471-12-6,Nc1cccc(c1)Cc2cccc(N)c2,Training,Inactive,0
579-39-5,O=C(C(=O)c1ccc(F)cc1)c2ccc(F)cc2,Training,Inactive,0
39634-42-9,FC(F)(F)c2ccc(Oc1ccc(O)cc1)cc2,Training,Active,1
106246-33-7,Nc1c(cc(c(c1CC)Cl)Cc2cc(c(N)c(c2Cl)CC)CC)CC,Training,Active,1
108464-88-6,O=C(c1ccc(F)cc1)c2cccc(c2)C(=O)c3ccc(F)cc3,Training,Inactive,0
3016-97-5,O=C(c1ccccc1)c2ccc(cc2)C(=O)c3ccccc3,Training,Inactive,0
2687-27-6,Nc1ccc(cc1)C(c2cccc(c2)C(c3ccc(N)cc3)(C)C)(C)C,Training,Active,1
49562-28-9,O=C(c1ccc(OC(C(=O)OC(C)C)(C)C)cc1)c2ccc(cc2)Cl,Training,Inactive,0
1889-71-0,O=C(c1ccc(cc1)Cl)Cc2ccccc2,Training,Inactive,0
54589-41-2,O=C(c1ccccc1)c3ccc(OCc2ccccc2)cc3,Training,Inactive,0
25650-13-9,O=C(C=CC(=O)c1ccc(F)cc1)c2ccc(F)cc2,Training,Active,1
42187-33-7,O=C(c1cccc(c1)[N+](=O)[O-])c2ccc(c(c2)C)C,Training,Inactive,0
143130-82-9,O=C(OC)c2ccc(C=Cc1ccc(cc1)C(=O)OC)cc2,Training,Inactive,0
101-61-1,c1cc(ccc1N(C)C)Cc2ccc(cc2)N(C)C,Training,Inactive,0
3539-42-2,O=C(O)COc1ccc(cc1)C(c2ccc(OCC(=O)O)cc2)(C)C,Training,Inactive,0
1675-54-3,O(c1ccc(cc1)C(c3ccc(OCC2OC2)cc3)(C)C)CC4OC4,Training,Inactive,0
596-27-0,O=C3OC(c1ccc(O)c(c1)C)(c2ccc(O)c(c2)C)c4ccccc34,Training,Active,1
519-73-3,c1ccc(cc1)C(c2ccccc2)c3ccccc3,Training,Active,1
40615-36-9,O(c1ccc(cc1)C(c2ccccc2)(c3ccc(OC)cc3)Cl)C,Training,Inactive,0
466-37-5,O=C(c1ccccc1)C(c2ccccc2)(c3ccccc3)c4ccccc4,Training,Active,1
900-91-4,O=C(O)CC(c1ccccc1)(c2ccccc2)c3ccccc3,Training,Inactive,0
51-26-3,O=C(O)CCc2cc(c(Oc1ccc(O)c(c1)I)c(c2)I)I,Training,Active,1
1596-67-4,O=C(O)C(N)Cc2ccc(Oc1ccc(O)cc1)cc2,Training,Inactive,0
10567-73-4,O=C(O)C(N)Cc2ccc(Oc1ccc(cc1[N+](=O)[O-])[N+](=O)[O-])cc2,Training,Inactive,0
486-66-8,O=C1C(=COc2cc(O)ccc12)c3ccc(O)cc3,Training,Active,1
15485-76-4,O=C(OCC)C=2Oc3cc(O)cc(O)c3(C(=O)C=2(c1ccc(OC)cc1)),Training,Active,1
1157-39-7,O=C1C(=COc2cc(OC)ccc12)c3ccc(OC)cc3,Training,Inactive,0
485-63-2,O=C1C(=COc2cc(O)ccc12)c3ccc(O)c(O)c3,Training,Active,1
520-18-3,O=C1C(O)=C(Oc2cc(O)cc(O)c12)c3ccc(O)cc3,Training,Active,1
480-41-1,O=C2c3c(O)cc(O)cc3(OC(c1ccc(O)cc1)C2),Training,Active,1
491-70-3,O=C2c3c(O)cc(O)cc3(OC(c1ccc(O)c(O)c1)C2),Training,Active,1
520-36-5,O=C1C=C(Oc2cc(O)cc(O)c12)c3ccc(O)cc3,Training,Active,1
4250-77-5,O=C2c3cc(O)ccc3(OC(c1ccccc1)C2),Training,Active,1
56-55-3,c3ccc4cc2c(ccc1ccccc12)cc4(c3),Training,Active,1
50-32-8,c1ccc2c(c1)cc3ccc4cccc5ccc2c3c45,Training,Inactive,0
192-97-2,c1ccc2c(c1)c5cccc4ccc3cccc2c3c45,Training,Inactive,0
57-24-9,O=C2N6c1ccccc1C57(CCN4CC3=CCOC(C2)C(C3CC45)C67),Training,Inactive,0
135-19-3,Oc1ccc2ccccc2(c1),Training,Active,1
15231-91-1,Oc1ccc2cc(ccc2(c1))Br,Training,Active,1
63-25-2,O=C(Oc1cccc2ccccc12)NC,Training,Inactive,0
90-15-3,Oc1cccc2ccccc12,Training,Inactive,0
1125-78-6,Oc1ccc2c(c1)CCCC2,Training,Active,1
530-91-6,OC2Cc1ccccc1CC2,Training,Inactive,0
145-50-6,O=C1C=CC(c2ccccc12)=C(c3ccccc3)c5ccc(O)c4ccccc45,Training,Active,1
6949-73-1,O=C2c1ccccc1c3ccc(O)cc23,Training,Active,1
1096-84-0,Oc2ccc1ccccc1c2Cc4c(O)ccc3ccccc34,Training,Active,1
52222-87-4,O=C(c1ccccc1)c2ccc3cc(O)ccc3(c2),Training,Active,1
490-46-0,Oc3cc(O)c2c(OC(c1ccc(O)c(O)c1)C(O)C2)c3,Training,Active,1
41175-50-2,Oc1ccc3c2c1CCCN2CCC3,Training,Inactive,0
533-31-3,Oc1ccc2OCOc2(c1),Training,Inactive,0
6088-51-3,Oc1ccc2cc(ccc2(c1))SSc3ccc4cc(O)ccc4(c3),Training,Active,1
607-66-9,O=C1C=C(c2ccccc2(N1))C,Training,Inactive,0
1847-63-8,O(c4ccc5C(c2ccc(OCCN1CCCC1)cc2)=C(c3ccccc3)CCc5(c4))C,Training,Active,1
77-73-6,C2=CC3C1C=CC(C1)C3(C2),Training,Inactive,0
303-45-7,O=Cc1c(O)c(O)c(c2cc(c(c(O)c12)c3c(O)c4c(C=O)c(O)c(O)c(c4(cc3C))C(C)C)C)C(C)C,Training,Inactive,0
480-40-0,O=C1C=C(Oc2cc(O)cc(O)c12)c3ccccc3,Training,Inactive,0
517-28-2,Oc4ccc2c(OCC3(O)(Cc1cc(O)c(O)cc1C23))c4(O),Training,Active,1
577-85-5,O=C1C(O)=C(Oc2ccccc12)c3ccccc3,Training,Inactive,0
475-25-2,O=C1C=C3C(C=C1(O))=C2c4ccc(O)c(O)c4(OCC2(O)C3),Training,Active,1
604-59-1,O=C3C=C(Oc1c3(ccc2ccccc12))c4ccccc4,Training,Inactive,0
641-38-3,O=C2Oc1cc(O)cc(c1c3cc(O)cc(O)c23)C,Training,Active,1
487-26-3,O=C2c3ccccc3(OC(c1ccccc1)C2),Training,Inactive,0
491-78-1,O=C1C=C(Oc2cccc(O)c12)c3ccccc3,Training,Inactive,0
6051-87-2,O=C2C=C(Oc3ccc1ccccc1c23)c4ccccc4,Training,Inactive,0
528-48-3,O=C1C(O)=C(Oc2cc(O)ccc12)c3ccc(O)c(O)c3,Training,Active,1
480-44-4,O=C1C=C(Oc2cc(O)cc(O)c12)c3ccc(OC)cc3,Training,Inactive,0
38183-03-8,O=C1C=C(Oc2c(O)c(O)ccc12)c3ccccc3,Training,Active,1
7061-81-6,c1cc(cc3c1c2c(cc(cc2Cl)Cl)C3)Cl,Training,Inactive,0
6297-11-6,O=C2c1cc(ccc1c3ccc(cc23)Cl)Cl,Training,Inactive,0
575-03-1,O=C2Oc1cc(O)ccc1C(=C2)C(F)(F)F,Training,Active,1
6665-83-4,O=C1C=C(Oc2ccc(O)cc12)c3ccccc3,Training,Active,1
10420-73-2,O=C1C=C(Oc2ccc(cc12)Cl)c3ccccc3,Training,Inactive,0
29976-75-8,O=C1C=C(Oc2ccc(cc12)C)c3ccccc3,Training,Inactive,0
26964-24-9,O=C1C=C(Oc2ccc(OC)cc12)c3ccccc3,Training,Inactive,0
22395-22-8,O=C1C=C(Oc2cc(OC)ccc12)c3ccccc3,Training,Inactive,0
491-67-8,O=C1C=C(Oc2cc(O)c(O)c(O)c12)c3ccccc3,Training,Active,1
3440-24-2,O=C1C=C(Oc2c(O)c(O)ccc12)c3ccc(O)c(O)c3,Training,Active,1
22395-24-0,O=C1C=C(Oc2cc(OC)ccc12)c3ccc(OC)c(OC)c3,Training,Inactive,0
34334-69-5,O=C1C=C(Oc2cc(OC)c(OC)c(O)c12)c3ccc(O)c(O)c3,Training,Active,1
4143-62-8,O=C1C=C(Oc2ccccc12)c3ccc(OC)c(OC)c3,Training,Inactive,0
4143-64-0,O=C1C=C(Oc2ccccc12)c3ccc(O)c(O)c3,Training,Active,1
437-64-9,O=C1C=C(Oc2cc(OC)cc(O)c12)c3ccc(O)cc3,Training,Active,1
62507-01-1,O=C1C(OC)=C(Oc2cc(O)cc(O)c12)c4ccc(OC)c(OCc3ccccc3)c4,Training,Active,1
73694-15-2,O=C(C=Cc1ccc(OC)cc1(OC))c2c(O)cc(OC)c(OC)c2(OC),Training,Inactive,0
855-96-9,O=C1C=C(Oc2cc(OC)c(OC)c(O)c12)c3ccc(OC)c(O)c3,Training,Inactive,0
855-97-0,O=C1C=C(Oc2cc(OC)cc(OC)c12)c3ccc(OC)c(OC)c3,Training,Inactive,0
218-01-9,c1ccc2c(c1)ccc3c4ccccc4(ccc23),Training,Inactive,0
238-84-6,c1ccc3c(c1)ccc4c2ccccc2Cc34,Training,Inactive,0
66-76-2,O=C1Oc4ccccc4(C(O)=C1CC=2C(=O)Oc3ccccc3(C=2(O))),Training,Inactive,0
90-33-5,O=C2Oc1cc(O)ccc1C(=C2)C,Training,Inactive,0
485-72-3,O=C1c3ccc(O)cc3(OC=C1c2ccc(OC)cc2),Training,Active,1
596-01-0,O=C1OC(c2ccccc12)(c4ccc(O)c3ccccc34)c6ccc(O)c5ccccc56,Training,Active,1
15499-84-0,Nc1ccc(cc1)C4(c2ccc(N)cc2)(c5ccccc5(c3ccccc34)),Training,Inactive,0
17924-92-4,O=C1OC(C)CCCC(=O)CCCC=Cc2cc(O)cc(O)c12,Training,Active,1
42422-68-4,O=C1OC(C)CCCC(O)CCCCCc2cc(O)cc(O)c12,Training,Active,1
5975-78-0,O=C1OC(C)CCCC(=O)CCCCCc2cc(O)cc(O)c12,Training,Active,1
446-72-0,O=C1C(=COc2cc(O)cc(O)c12)c3ccc(O)cc3,Training,Active,1
1912-24-9,n1c(nc(nc1NC(C)C)Cl)NCC,Training,Inactive,0
59-31-4,O=C1C=Cc2ccccc2(N1),Training,Inactive,0
15776-59-7,O=C2Oc1cc(O)ccc1C(=C2CCN(CC)CC)C,Training,Inactive,0
6093-71-6,O=C1Oc2cc(O)ccc2(C=C1C(=O)OCC),Training,Inactive,0
6468-96-8,O=C1Oc3cc(O)ccc3(C=C1c2ccccc2),Training,Active,1
32809-16-8,O=C2N(c1cc(cc(c1)Cl)Cl)C(=O)C3(C)(CC23(C)),Training,Inactive,0
36734-19-7,O=C(NC(C)C)N2C(=O)N(c1cc(cc(c1)Cl)Cl)C(=O)C2,Training,Inactive,0
50471-44-8,O=C1OC(C=C)(C(=O)N1c2cc(cc(c2)Cl)Cl)C,Training,Inactive,0
58-89-9,C1(C(C(C(C(C1Cl)Cl)Cl)Cl)Cl)Cl,Training,Inactive,0
2385-85-5,C13(C4(C2(C5(C(C1(C2(Cl)Cl)Cl)(C3(C(C45Cl)(Cl)Cl)Cl)Cl)Cl)Cl)Cl)Cl,Training,Inactive,0
143-50-0,O=C1C2(C3(C4(C1(C5(C2(C3(C(C45Cl)(Cl)Cl)Cl)Cl)Cl)Cl)Cl)Cl)Cl,Training,Active,1
52-86-8,O=C(c1ccc(F)cc1)CCCN3CCC(O)(c2ccc(cc2)Cl)CC3,Training,Inactive,0
60207-90-1,n1cnn(c1)CC2(OCC(O2)CCC)c3ccc(cc3Cl)Cl,Training,Inactive,0
50-55-5,O=C(OC3CC4CN2CCc1c5ccc(OC)cc5([nH]c1C2CC4(C(C(=O)OC)C3(OC))))c6cc(OC)c(OC)c(OC)c6,Training,Inactive,0
60168-88-9,OC(c1cncnc1)(c2ccc(cc2)Cl)c3ccccc3Cl,Training,Active,1
61-82-5,n1cnc(N)[nH]1,Training,Inactive,0
50-06-6,O=C2NC(=O)C(c1ccccc1)(C(=O)N2)CC,Training,Inactive,0
115-29-7,O=S1OCC2C(CO1)C3(C(=C(C2(C3(Cl)Cl)Cl)Cl)Cl)Cl,Training,Active,1
122931-48-0,O=C(Nc1nc(OC)cc(n1)OC)NS(=O)(=O)c2ncccc2S(=O)(=O)CC,Training,Inactive,0
114369-43-6,N#CC(c1ccccc1)(Cn2ncnc2)CCc3ccc(cc3)Cl,Training,Inactive,0
17804-35-2,O=C(OC)Nc2nc1ccccc1n2(C(=O)NCCCC),Training,Inactive,0
16069-36-6,O1CCOC3CCCCC3(OCCOCCOC2CCCCC2(OCC1)),Training,Inactive,0
2212-67-1,O=C(N1CCCCCC1)SCC,Training,Inactive,0
96-45-7,N1C(NCC1)=S,Training,Inactive,0
612-96-4,n1c3ccccc3(ccc1c2ccccc2),Training,Inactive,0
14548-48-2,O=C(c1ccncc1)c2ccc(cc2)Cl,Training,Inactive,0
1022-46-4,O=C1OC(=Nc2ccccc12)c3ccccc3,Training,Inactive,0
19315-93-6,O=C1C=Cc2cc(O)ccc2(N1),Training,Inactive,0
58851-99-3,O=C1Oc4cc(O)ccc4(C=C1c3nc2ccccc2s3),Training,Active,1
97477-81-1,N#CC=1c4ccc(O)cc4(OC(=O)C=1c2nc3cc(ccc3(o2))Cl),Training,Active,1
58-08-2,O=C2c1c(ncn1C)N(C(=O)N2C)C,Training,Inactive,0
1563-66-2,O=C(Oc2cccc1c2(OC(C)(C)C1))NC,Training,Inactive,0
10605-21-7,O=C(OC)Nc1nc2ccccc2([nH]1),Training,Inactive,0
66246-88-6,n1cnn(c1)CC(c2ccc(cc2Cl)Cl)CCC,Training,Inactive,0
107534-96-3,OC(Cn1ncnc1)(CCc2ccc(cc2)Cl)C(C)(C)C,Training,Inactive,0
74115-24-5,n1nc(nnc1c2ccccc2Cl)c3ccccc3Cl,Training,Inactive,0
54-11-5,n1cccc(c1)C2N(C)CCC2,Training,Inactive,0
64-86-8,O=C1C=C3C(=CC=C1(OC))c2c(OC)c(OC)c(OC)cc2CCC3(NC(=O)C),Training,Inactive,0
133-06-2,O=C1N(C(=O)C2CC=CCC12)SC(Cl)(Cl)Cl,Training,Active,1
133-07-3,O=C1c2ccccc2(C(=O)N1SC(Cl)(Cl)Cl),Training,Active,1
81-81-2,O=C1Oc3ccccc3(C(O)=C1C(c2ccccc2)CC(=O)C),Training,Inactive,0
105-60-2,O=C1NCCCCC1,Training,Inactive,0
24602-86-6,O1C(C)CN(CCCCCCCCCCCCC)CC1C,Training,Inactive,0
95-33-0,n2c1ccccc1sc2SNC3CCCCC3,Training,Active,1
120-78-5,n2c1ccccc1sc2SSc4nc3ccccc3s4,Training,Active,1
149-30-4,n2c1ccccc1sc2S,Training,Active,1
834-12-8,n1c(nc(nc1NC(C)C)SC)NCC,Training,Inactive,0
4418-26-2,O=C1OC(=CC(=O)C1C(=O)C)C,Training,Inactive,0
51-55-8,O=C(OC2CC1N(C)C(CC1)C2)C(c3ccccc3)CO,Training,Inactive,0
57-47-6,O=C(Oc1ccc2c(c1)C3(C)(CCN(C)C3(N2C)))NC,Training,Inactive,0
118-48-9,O=C1OC(=O)c2ccccc2(N1),Training,Inactive,0
1014-70-6,n1c(nc(nc1NCC)SC)NCC,Training,Inactive,0
10311-84-9,O=C1c2ccccc2(C(=O)N1C(CCl)SP(OCC)(OCC)=S),Training,Active,1
21725-46-2,N#CC(Nc1nc(nc(n1)Cl)NCC)(C)C,Training,Inactive,0
25057-89-0,O=C1c2ccccc2(NS(=O)(=O)N1C(C)C),Training,Inactive,0
83055-99-6,O=C(OC)c1ccccc1CS(=O)(=O)NC(=O)Nc2nc(OC)cc(n2)OC,Training,Inactive,0
84087-01-4,O=C(O)c1c2ncc(cc2(ccc1Cl))Cl,Training,Inactive,0
77-47-4,C=1(C(=C(C(C=1Cl)(Cl)Cl)Cl)Cl)Cl,Training,Active,1
1702-17-6,O=C(O)c1nc(ccc1Cl)Cl,Training,Inactive,0
1929-82-4,n1c(cccc1Cl)C(Cl)(Cl)Cl,Training,Inactive,0
51235-04-2,O=C1N=C(N(C(=O)N1C2CCCCC2)C)N(C)C,Training,Inactive,0
73250-68-7,O=C(N(c1ccccc1)C)COc3nc2ccccc2s3,Training,Inactive,0
58-39-9,OCCN1CCN(CC1)CCCN4c2ccccc2Sc3ccc(cc34)Cl,Training,Inactive,0
70458-96-7,O=C(O)C1=CN(c2cc(c(F)cc2(C1(=O)))N3CCNCC3)CC,Training,Inactive,0
95333-64-5,Oc1ccc(cc1)Cn2ccnc2S,Training,Inactive,0
76578-14-8,O=C(OCC)C(Oc3ccc(Oc1nc2ccc(cc2(nc1))Cl)cc3)C,Training,Inactive,0
88671-89-0,N#CC(c1ccc(cc1)Cl)(Cn2ncnc2)CCCC,Training,Inactive,0
64529-56-2,O=C1C(=NN=C(N1(N))SCC)C(C)(C)C,Training,Inactive,0
94361-06-5,OC(c1ccc(cc1)Cl)(Cn2ncnc2)C(C)C3CC3,Training,Inactive,0
35554-44-0,n1ccn(c1)CC(OCC=C)c2ccc(cc2Cl)Cl,Training,Inactive,0
78473-71-9,O=C2OCC(Cc1cccc(O)c1)C2Cc3cccc(O)c3,Training,Active,1
26644-46-2,O=CNC(N1CCN(CC1)C(NC=O)C(Cl)(Cl)Cl)C(Cl)(Cl)Cl,Training,Inactive,0
27241-31-2,O=C1C=C(N)NN1c2c(cc(cc2Cl)Cl)Cl,Training,Active,1
